year,month,value,fetched_at
1854,1,0.110,2026-08-11 11:38:21
1854,2,-0.240,2026-08-11 11:38:21
1854,3,-0.400,2026-08-11 11:38:21
1854,4,-0.440,2026-08-11 11:38:21
1854,5,-0.540,2026-08-11 11:38:21
1854,6,-0.300,2026-08-11 11:38:21
1854,7,-0.100,2026-08-11 11:38:21
1854,8,-1.240,2026-08-11 11:38:21
1854,9,-1.000,2026-08-11 11:38:21
1854,10,-2.230,2026-08-11 11:38:21
1854,11,-1.680,2026-08-11 11:38:21
1854,12,-1.760,2026-08-11 11:38:21
1855,1,-0.200,2026-08-11 11:38:21
1855,2,-0.390,2026-08-11 11:38:21
1855,3,-0.240,2026-08-11 11:38:21
1855,4,-0.580,2026-08-11 11:38:21
1855,5,-1.340,2026-08-11 11:38:21
1855,6,-1.880,2026-08-11 11:38:21
1855,7,-1.130,2026-08-11 11:38:21
1855,8,-0.480,2026-08-11 11:38:21
1855,9,-0.760,2026-08-11 11:38:21
1855,10,-0.630,2026-08-11 11:38:21
1855,11,-0.410,2026-08-11 11:38:21
1855,12,-0.880,2026-08-11 11:38:21
1856,1,-0.390,2026-08-11 11:38:21
1856,2,0.470,2026-08-11 11:38:21
1856,3,0.420,2026-08-11 11:38:21
1856,4,-0.960,2026-08-11 11:38:21
1856,5,-1.260,2026-08-11 11:38:21
1856,6,-2.150,2026-08-11 11:38:21
1856,7,-0.690,2026-08-11 11:38:21
1856,8,0.630,2026-08-11 11:38:21
1856,9,0.580,2026-08-11 11:38:21
1856,10,0.590,2026-08-11 11:38:21
1856,11,0.230,2026-08-11 11:38:21
1856,12,0.040,2026-08-11 11:38:21
1857,1,-0.520,2026-08-11 11:38:21
1857,2,-1.670,2026-08-11 11:38:21
1857,3,-1.050,2026-08-11 11:38:21
1857,4,-0.810,2026-08-11 11:38:21
1857,5,-0.650,2026-08-11 11:38:21
1857,6,1.030,2026-08-11 11:38:21
1857,7,1.170,2026-08-11 11:38:21
1857,8,0.810,2026-08-11 11:38:21
1857,9,0.840,2026-08-11 11:38:21
1857,10,0.700,2026-08-11 11:38:21
1857,11,0.380,2026-08-11 11:38:21
1857,12,-0.550,2026-08-11 11:38:21
1858,1,-0.960,2026-08-11 11:38:21
1858,2,-1.530,2026-08-11 11:38:21
1858,3,-1.760,2026-08-11 11:38:21
1858,4,-0.820,2026-08-11 11:38:21
1858,5,0.490,2026-08-11 11:38:21
1858,6,2.190,2026-08-11 11:38:21
1858,7,1.050,2026-08-11 11:38:21
1858,8,0.670,2026-08-11 11:38:21
1858,9,1.380,2026-08-11 11:38:21
1858,10,2.350,2026-08-11 11:38:21
1858,11,0.460,2026-08-11 11:38:21
1858,12,-1.160,2026-08-11 11:38:21
1859,1,-1.220,2026-08-11 11:38:21
1859,2,-1.710,2026-08-11 11:38:21
1859,3,-2.460,2026-08-11 11:38:21
1859,4,-3.650,2026-08-11 11:38:21
1859,5,-2.860,2026-08-11 11:38:21
1859,6,-1.990,2026-08-11 11:38:21
1859,7,-1.010,2026-08-11 11:38:21
1859,8,-1.260,2026-08-11 11:38:21
1859,9,-1.190,2026-08-11 11:38:21
1859,10,-1.310,2026-08-11 11:38:21
1859,11,-1.140,2026-08-11 11:38:21
1859,12,-1.120,2026-08-11 11:38:21
1860,1,-1.310,2026-08-11 11:38:21
1860,2,-1.280,2026-08-11 11:38:21
1860,3,-1.340,2026-08-11 11:38:21
1860,4,-0.770,2026-08-11 11:38:21
1860,5,-0.850,2026-08-11 11:38:21
1860,6,-1.260,2026-08-11 11:38:21
1860,7,-0.270,2026-08-11 11:38:21
1860,8,-0.400,2026-08-11 11:38:21
1860,9,0.330,2026-08-11 11:38:21
1860,10,-1.700,2026-08-11 11:38:21
1860,11,-1.180,2026-08-11 11:38:21
1860,12,-1.420,2026-08-11 11:38:21
1861,1,-0.570,2026-08-11 11:38:21
1861,2,-0.840,2026-08-11 11:38:21
1861,3,-0.860,2026-08-11 11:38:21
1861,4,-0.830,2026-08-11 11:38:21
1861,5,-0.370,2026-08-11 11:38:21
1861,6,-0.350,2026-08-11 11:38:21
1861,7,-0.610,2026-08-11 11:38:21
1861,8,-0.800,2026-08-11 11:38:21
1861,9,-1.200,2026-08-11 11:38:21
1861,10,-1.580,2026-08-11 11:38:21
1861,11,-1.800,2026-08-11 11:38:21
1861,12,-1.650,2026-08-11 11:38:21
1862,1,-0.410,2026-08-11 11:38:21
1862,2,-0.130,2026-08-11 11:38:21
1862,3,0.160,2026-08-11 11:38:21
1862,4,0.070,2026-08-11 11:38:21
1862,5,0.090,2026-08-11 11:38:21
1862,6,-0.080,2026-08-11 11:38:21
1862,7,-0.120,2026-08-11 11:38:21
1862,8,-0.200,2026-08-11 11:38:21
1862,9,-0.980,2026-08-11 11:38:21
1862,10,-0.800,2026-08-11 11:38:21
1862,11,-0.390,2026-08-11 11:38:21
1862,12,0.070,2026-08-11 11:38:21
1863,1,-0.060,2026-08-11 11:38:21
1863,2,-0.340,2026-08-11 11:38:21
1863,3,-0.370,2026-08-11 11:38:21
1863,4,-0.180,2026-08-11 11:38:21
1863,5,0.030,2026-08-11 11:38:21
1863,6,-0.030,2026-08-11 11:38:21
1863,7,0.070,2026-08-11 11:38:21
1863,8,-0.260,2026-08-11 11:38:21
1863,9,0.050,2026-08-11 11:38:21
1863,10,0.070,2026-08-11 11:38:21
1863,11,0.110,2026-08-11 11:38:21
1863,12,-0.230,2026-08-11 11:38:21
1864,1,-0.190,2026-08-11 11:38:21
1864,2,-0.090,2026-08-11 11:38:21
1864,3,-1.040,2026-08-11 11:38:21
1864,4,-1.000,2026-08-11 11:38:21
1864,5,-0.780,2026-08-11 11:38:21
1864,6,-0.660,2026-08-11 11:38:21
1864,7,-0.190,2026-08-11 11:38:21
1864,8,-0.480,2026-08-11 11:38:21
1864,9,-0.210,2026-08-11 11:38:21
1864,10,0.230,2026-08-11 11:38:21
1864,11,0.530,2026-08-11 11:38:21
1864,12,0.500,2026-08-11 11:38:21
1865,1,-0.280,2026-08-11 11:38:21
1865,2,-0.540,2026-08-11 11:38:21
1865,3,-0.480,2026-08-11 11:38:21
1865,4,-0.160,2026-08-11 11:38:21
1865,5,-0.150,2026-08-11 11:38:21
1865,6,-0.660,2026-08-11 11:38:21
1865,7,-0.960,2026-08-11 11:38:21
1865,8,-0.690,2026-08-11 11:38:21
1865,9,-0.730,2026-08-11 11:38:21
1865,10,-0.610,2026-08-11 11:38:21
1865,11,-0.620,2026-08-11 11:38:21
1865,12,-0.760,2026-08-11 11:38:21
1866,1,-2.310,2026-08-11 11:38:21
1866,2,-2.270,2026-08-11 11:38:21
1866,3,-2.220,2026-08-11 11:38:21
1866,4,-1.160,2026-08-11 11:38:21
1866,5,-0.680,2026-08-11 11:38:21
1866,6,-0.840,2026-08-11 11:38:21
1866,7,-0.550,2026-08-11 11:38:21
1866,8,-0.400,2026-08-11 11:38:21
1866,9,-0.350,2026-08-11 11:38:21
1866,10,-0.170,2026-08-11 11:38:21
1866,11,-0.070,2026-08-11 11:38:21
1866,12,-0.290,2026-08-11 11:38:21
1867,1,-0.140,2026-08-11 11:38:21
1867,2,-0.290,2026-08-11 11:38:21
1867,3,-0.480,2026-08-11 11:38:21
1867,4,-0.430,2026-08-11 11:38:21
1867,5,-0.340,2026-08-11 11:38:21
1867,6,-0.140,2026-08-11 11:38:21
1867,7,0.160,2026-08-11 11:38:21
1867,8,-0.340,2026-08-11 11:38:21
1867,9,-0.290,2026-08-11 11:38:21
1867,10,-0.890,2026-08-11 11:38:21
1867,11,-0.280,2026-08-11 11:38:21
1867,12,0.760,2026-08-11 11:38:21
1868,1,0.980,2026-08-11 11:38:21
1868,2,0.260,2026-08-11 11:38:21
1868,3,0.030,2026-08-11 11:38:21
1868,4,-0.390,2026-08-11 11:38:21
1868,5,-0.430,2026-08-11 11:38:21
1868,6,-0.220,2026-08-11 11:38:21
1868,7,0.110,2026-08-11 11:38:21
1868,8,-0.020,2026-08-11 11:38:21
1868,9,0.090,2026-08-11 11:38:21
1868,10,-0.200,2026-08-11 11:38:21
1868,11,-0.630,2026-08-11 11:38:21
1868,12,-0.810,2026-08-11 11:38:21
1869,1,-0.840,2026-08-11 11:38:21
1869,2,-0.160,2026-08-11 11:38:21
1869,3,0.330,2026-08-11 11:38:21
1869,4,1.230,2026-08-11 11:38:21
1869,5,3.560,2026-08-11 11:38:21
1869,6,3.840,2026-08-11 11:38:21
1869,7,3.780,2026-08-11 11:38:21
1869,8,1.200,2026-08-11 11:38:21
1869,9,-0.120,2026-08-11 11:38:21
1869,10,-0.400,2026-08-11 11:38:21
1869,11,-0.630,2026-08-11 11:38:21
1869,12,-0.460,2026-08-11 11:38:21
1870,1,0.230,2026-08-11 11:38:21
1870,2,-0.190,2026-08-11 11:38:21
1870,3,0.030,2026-08-11 11:38:21
1870,4,-0.300,2026-08-11 11:38:21
1870,5,-0.140,2026-08-11 11:38:21
1870,6,-0.370,2026-08-11 11:38:21
1870,7,-0.130,2026-08-11 11:38:21
1870,8,0.050,2026-08-11 11:38:21
1870,9,-0.490,2026-08-11 11:38:21
1870,10,-0.700,2026-08-11 11:38:21
1870,11,-0.880,2026-08-11 11:38:21
1870,12,-0.940,2026-08-11 11:38:21
1871,1,-0.440,2026-08-11 11:38:21
1871,2,0.000,2026-08-11 11:38:21
1871,3,-0.180,2026-08-11 11:38:21
1871,4,-0.510,2026-08-11 11:38:21
1871,5,-0.930,2026-08-11 11:38:21
1871,6,-0.360,2026-08-11 11:38:21
1871,7,-0.380,2026-08-11 11:38:21
1871,8,-0.090,2026-08-11 11:38:21
1871,9,-0.580,2026-08-11 11:38:21
1871,10,-0.800,2026-08-11 11:38:21
1871,11,-0.900,2026-08-11 11:38:21
1871,12,-0.290,2026-08-11 11:38:21
1872,1,-0.390,2026-08-11 11:38:21
1872,2,-0.550,2026-08-11 11:38:21
1872,3,-0.200,2026-08-11 11:38:21
1872,4,-0.490,2026-08-11 11:38:21
1872,5,-0.030,2026-08-11 11:38:21
1872,6,-0.820,2026-08-11 11:38:21
1872,7,-0.950,2026-08-11 11:38:21
1872,8,-1.020,2026-08-11 11:38:21
1872,9,-0.510,2026-08-11 11:38:21
1872,10,-0.110,2026-08-11 11:38:21
1872,11,-1.740,2026-08-11 11:38:21
1872,12,-2.100,2026-08-11 11:38:21
1873,1,-2.060,2026-08-11 11:38:21
1873,2,-2.110,2026-08-11 11:38:21
1873,3,-1.670,2026-08-11 11:38:21
1873,4,-0.690,2026-08-11 11:38:21
1873,5,-0.490,2026-08-11 11:38:21
1873,6,-0.800,2026-08-11 11:38:21
1873,7,-1.140,2026-08-11 11:38:21
1873,8,-1.050,2026-08-11 11:38:21
1873,9,-0.870,2026-08-11 11:38:21
1873,10,-0.700,2026-08-11 11:38:21
1873,11,-1.060,2026-08-11 11:38:21
1873,12,-0.860,2026-08-11 11:38:21
1874,1,-0.740,2026-08-11 11:38:21
1874,2,-1.180,2026-08-11 11:38:21
1874,3,-0.240,2026-08-11 11:38:21
1874,4,0.160,2026-08-11 11:38:21
1874,5,0.010,2026-08-11 11:38:21
1874,6,-0.260,2026-08-11 11:38:21
1874,7,-0.210,2026-08-11 11:38:21
1874,8,0.310,2026-08-11 11:38:21
1874,9,0.150,2026-08-11 11:38:21
1874,10,-0.040,2026-08-11 11:38:21
1874,11,-0.000,2026-08-11 11:38:21
1874,12,-1.130,2026-08-11 11:38:21
1875,1,-1.420,2026-08-11 11:38:21
1875,2,-1.530,2026-08-11 11:38:21
1875,3,-1.180,2026-08-11 11:38:21
1875,4,-1.240,2026-08-11 11:38:21
1875,5,-0.650,2026-08-11 11:38:21
1875,6,-0.790,2026-08-11 11:38:21
1875,7,-0.640,2026-08-11 11:38:21
1875,8,-0.800,2026-08-11 11:38:21
1875,9,-0.640,2026-08-11 11:38:21
1875,10,-1.190,2026-08-11 11:38:21
1875,11,-0.900,2026-08-11 11:38:21
1875,12,0.110,2026-08-11 11:38:21
1876,1,-0.960,2026-08-11 11:38:21
1876,2,-0.740,2026-08-11 11:38:21
1876,3,-0.910,2026-08-11 11:38:21
1876,4,-1.530,2026-08-11 11:38:21
1876,5,-1.570,2026-08-11 11:38:21
1876,6,-0.820,2026-08-11 11:38:21
1876,7,-2.210,2026-08-11 11:38:21
1876,8,-2.160,2026-08-11 11:38:21
1876,9,-1.480,2026-08-11 11:38:21
1876,10,-0.400,2026-08-11 11:38:21
1876,11,-0.040,2026-08-11 11:38:21
1876,12,-0.240,2026-08-11 11:38:21
1877,1,-0.130,2026-08-11 11:38:21
1877,2,-0.080,2026-08-11 11:38:21
1877,3,-0.080,2026-08-11 11:38:21
1877,4,-0.680,2026-08-11 11:38:21
1877,5,-0.820,2026-08-11 11:38:21
1877,6,-1.180,2026-08-11 11:38:21
1877,7,-0.370,2026-08-11 11:38:21
1877,8,-0.620,2026-08-11 11:38:21
1877,9,-0.240,2026-08-11 11:38:21
1877,10,0.020,2026-08-11 11:38:21
1877,11,0.460,2026-08-11 11:38:21
1877,12,0.070,2026-08-11 11:38:21
1878,1,0.180,2026-08-11 11:38:21
1878,2,0.850,2026-08-11 11:38:21
1878,3,0.960,2026-08-11 11:38:21
1878,4,1.490,2026-08-11 11:38:21
1878,5,1.480,2026-08-11 11:38:21
1878,6,0.900,2026-08-11 11:38:21
1878,7,0.460,2026-08-11 11:38:21
1878,8,-0.630,2026-08-11 11:38:21
1878,9,-1.970,2026-08-11 11:38:21
1878,10,-1.680,2026-08-11 11:38:21
1878,11,-0.510,2026-08-11 11:38:21
1878,12,1.310,2026-08-11 11:38:21
1879,1,0.200,2026-08-11 11:38:21
1879,2,0.130,2026-08-11 11:38:21
1879,3,0.230,2026-08-11 11:38:21
1879,4,0.610,2026-08-11 11:38:21
1879,5,-0.560,2026-08-11 11:38:21
1879,6,-0.910,2026-08-11 11:38:21
1879,7,-1.600,2026-08-11 11:38:21
1879,8,-0.620,2026-08-11 11:38:21
1879,9,-0.520,2026-08-11 11:38:21
1879,10,-0.750,2026-08-11 11:38:21
1879,11,-0.640,2026-08-11 11:38:21
1879,12,-0.200,2026-08-11 11:38:21
1880,1,0.440,2026-08-11 11:38:21
1880,2,-0.450,2026-08-11 11:38:21
1880,3,-1.510,2026-08-11 11:38:21
1880,4,-2.420,2026-08-11 11:38:21
1880,5,-2.970,2026-08-11 11:38:21
1880,6,-3.150,2026-08-11 11:38:21
1880,7,-2.270,2026-08-11 11:38:21
1880,8,-1.790,2026-08-11 11:38:21
1880,9,-1.770,2026-08-11 11:38:21
1880,10,0.020,2026-08-11 11:38:21
1880,11,-0.400,2026-08-11 11:38:21
1880,12,-0.060,2026-08-11 11:38:21
1881,1,-0.480,2026-08-11 11:38:21
1881,2,-0.150,2026-08-11 11:38:21
1881,3,-0.020,2026-08-11 11:38:21
1881,4,0.170,2026-08-11 11:38:21
1881,5,0.500,2026-08-11 11:38:21
1881,6,0.240,2026-08-11 11:38:21
1881,7,-1.300,2026-08-11 11:38:21
1881,8,-2.310,2026-08-11 11:38:21
1881,9,0.160,2026-08-11 11:38:21
1881,10,0.340,2026-08-11 11:38:21
1881,11,0.200,2026-08-11 11:38:21
1881,12,-0.550,2026-08-11 11:38:21
1882,1,-2.060,2026-08-11 11:38:21
1882,2,-1.920,2026-08-11 11:38:21
1882,3,-1.790,2026-08-11 11:38:21
1882,4,-1.600,2026-08-11 11:38:21
1882,5,-1.510,2026-08-11 11:38:21
1882,6,-1.710,2026-08-11 11:38:21
1882,7,-3.180,2026-08-11 11:38:21
1882,8,-1.100,2026-08-11 11:38:21
1882,9,-0.810,2026-08-11 11:38:21
1882,10,-1.070,2026-08-11 11:38:21
1882,11,-0.340,2026-08-11 11:38:21
1882,12,0.660,2026-08-11 11:38:21
1883,1,-0.970,2026-08-11 11:38:21
1883,2,-1.320,2026-08-11 11:38:21
1883,3,-1.400,2026-08-11 11:38:21
1883,4,-0.320,2026-08-11 11:38:21
1883,5,-0.670,2026-08-11 11:38:21
1883,6,-1.250,2026-08-11 11:38:21
1883,7,-2.820,2026-08-11 11:38:21
1883,8,-2.360,2026-08-11 11:38:21
1883,9,-1.750,2026-08-11 11:38:21
1883,10,-1.470,2026-08-11 11:38:21
1883,11,-1.070,2026-08-11 11:38:21
1883,12,-1.670,2026-08-11 11:38:21
1884,1,-1.770,2026-08-11 11:38:21
1884,2,-1.950,2026-08-11 11:38:21
1884,3,-1.420,2026-08-11 11:38:21
1884,4,-0.530,2026-08-11 11:38:21
1884,5,0.410,2026-08-11 11:38:21
1884,6,0.840,2026-08-11 11:38:21
1884,7,1.100,2026-08-11 11:38:21
1884,8,1.000,2026-08-11 11:38:21
1884,9,0.740,2026-08-11 11:38:21
1884,10,1.080,2026-08-11 11:38:21
1884,11,2.160,2026-08-11 11:38:21
1884,12,2.350,2026-08-11 11:38:21
1885,1,2.570,2026-08-11 11:38:21
1885,2,1.020,2026-08-11 11:38:21
1885,3,1.720,2026-08-11 11:38:21
1885,4,1.470,2026-08-11 11:38:21
1885,5,0.700,2026-08-11 11:38:21
1885,6,-0.410,2026-08-11 11:38:21
1885,7,-0.680,2026-08-11 11:38:21
1885,8,-0.060,2026-08-11 11:38:21
1885,9,-0.150,2026-08-11 11:38:21
1885,10,-0.050,2026-08-11 11:38:21
1885,11,-0.320,2026-08-11 11:38:21
1885,12,-0.340,2026-08-11 11:38:21
1886,1,-0.520,2026-08-11 11:38:21
1886,2,0.620,2026-08-11 11:38:21
1886,3,-0.480,2026-08-11 11:38:21
1886,4,0.350,2026-08-11 11:38:21
1886,5,-0.200,2026-08-11 11:38:21
1886,6,-1.170,2026-08-11 11:38:21
1886,7,-0.300,2026-08-11 11:38:21
1886,8,-0.390,2026-08-11 11:38:21
1886,9,-0.440,2026-08-11 11:38:21
1886,10,-1.300,2026-08-11 11:38:21
1886,11,-2.630,2026-08-11 11:38:21
1886,12,-1.790,2026-08-11 11:38:21
1887,1,-0.930,2026-08-11 11:38:21
1887,2,-1.410,2026-08-11 11:38:21
1887,3,-2.040,2026-08-11 11:38:21
1887,4,-1.490,2026-08-11 11:38:21
1887,5,-0.330,2026-08-11 11:38:21
1887,6,0.690,2026-08-11 11:38:21
1887,7,1.540,2026-08-11 11:38:21
1887,8,-0.870,2026-08-11 11:38:21
1887,9,-1.960,2026-08-11 11:38:21
1887,10,-1.330,2026-08-11 11:38:21
1887,11,-0.970,2026-08-11 11:38:21
1887,12,-1.070,2026-08-11 11:38:21
1888,1,-0.980,2026-08-11 11:38:21
1888,2,-0.110,2026-08-11 11:38:21
1888,3,0.100,2026-08-11 11:38:21
1888,4,0.020,2026-08-11 11:38:21
1888,5,1.480,2026-08-11 11:38:21
1888,6,1.680,2026-08-11 11:38:21
1888,7,1.780,2026-08-11 11:38:21
1888,8,1.130,2026-08-11 11:38:21
1888,9,1.040,2026-08-11 11:38:21
1888,10,0.600,2026-08-11 11:38:21
1888,11,0.760,2026-08-11 11:38:21
1888,12,0.470,2026-08-11 11:38:21
1889,1,0.440,2026-08-11 11:38:21
1889,2,-0.010,2026-08-11 11:38:21
1889,3,0.140,2026-08-11 11:38:21
1889,4,0.880,2026-08-11 11:38:21
1889,5,1.160,2026-08-11 11:38:21
1889,6,1.120,2026-08-11 11:38:21
1889,7,0.130,2026-08-11 11:38:21
1889,8,-1.020,2026-08-11 11:38:21
1889,9,-1.270,2026-08-11 11:38:21
1889,10,-0.420,2026-08-11 11:38:21
1889,11,1.340,2026-08-11 11:38:21
1889,12,-0.160,2026-08-11 11:38:21
1890,1,-0.660,2026-08-11 11:38:21
1890,2,-1.090,2026-08-11 11:38:21
1890,3,-1.490,2026-08-11 11:38:21
1890,4,-1.100,2026-08-11 11:38:21
1890,5,-1.340,2026-08-11 11:38:21
1890,6,-3.410,2026-08-11 11:38:21
1890,7,-1.400,2026-08-11 11:38:21
1890,8,-0.990,2026-08-11 11:38:21
1890,9,0.830,2026-08-11 11:38:21
1890,10,-0.450,2026-08-11 11:38:21
1890,11,-1.040,2026-08-11 11:38:21
1890,12,-1.310,2026-08-11 11:38:21
1891,1,-0.520,2026-08-11 11:38:21
1891,2,-0.800,2026-08-11 11:38:21
1891,3,-1.020,2026-08-11 11:38:21
1891,4,-0.480,2026-08-11 11:38:21
1891,5,0.870,2026-08-11 11:38:21
1891,6,1.010,2026-08-11 11:38:21
1891,7,1.130,2026-08-11 11:38:21
1891,8,0.640,2026-08-11 11:38:21
1891,9,0.300,2026-08-11 11:38:21
1891,10,0.890,2026-08-11 11:38:21
1891,11,0.030,2026-08-11 11:38:21
1891,12,-0.180,2026-08-11 11:38:21
1892,1,-1.150,2026-08-11 11:38:21
1892,2,-1.420,2026-08-11 11:38:21
1892,3,-0.960,2026-08-11 11:38:21
1892,4,-1.320,2026-08-11 11:38:21
1892,5,-2.760,2026-08-11 11:38:21
1892,6,-1.940,2026-08-11 11:38:21
1892,7,-1.650,2026-08-11 11:38:21
1892,8,-2.850,2026-08-11 11:38:21
1892,9,-2.460,2026-08-11 11:38:21
1892,10,-2.820,2026-08-11 11:38:21
1892,11,-2.360,2026-08-11 11:38:21
1892,12,-1.130,2026-08-11 11:38:21
1893,1,-0.510,2026-08-11 11:38:21
1893,2,-0.670,2026-08-11 11:38:21
1893,3,-0.930,2026-08-11 11:38:21
1893,4,-1.600,2026-08-11 11:38:21
1893,5,-2.450,2026-08-11 11:38:21
1893,6,-2.130,2026-08-11 11:38:21
1893,7,-2.140,2026-08-11 11:38:21
1893,8,-0.410,2026-08-11 11:38:21
1893,9,0.060,2026-08-11 11:38:21
1893,10,-0.540,2026-08-11 11:38:21
1893,11,-0.710,2026-08-11 11:38:21
1893,12,-1.490,2026-08-11 11:38:21
1894,1,-1.420,2026-08-11 11:38:21
1894,2,-2.170,2026-08-11 11:38:21
1894,3,-3.200,2026-08-11 11:38:21
1894,4,-3.150,2026-08-11 11:38:21
1894,5,-3.350,2026-08-11 11:38:21
1894,6,-2.750,2026-08-11 11:38:21
1894,7,-2.980,2026-08-11 11:38:21
1894,8,-1.910,2026-08-11 11:38:21
1894,9,-2.020,2026-08-11 11:38:21
1894,10,-2.560,2026-08-11 11:38:21
1894,11,-2.770,2026-08-11 11:38:21
1894,12,-1.170,2026-08-11 11:38:21
1895,1,-0.860,2026-08-11 11:38:21
1895,2,-0.640,2026-08-11 11:38:21
1895,3,-0.650,2026-08-11 11:38:21
1895,4,-1.130,2026-08-11 11:38:21
1895,5,-0.480,2026-08-11 11:38:21
1895,6,-0.740,2026-08-11 11:38:21
1895,7,0.430,2026-08-11 11:38:21
1895,8,-0.160,2026-08-11 11:38:21
1895,9,-1.340,2026-08-11 11:38:21
1895,10,-0.840,2026-08-11 11:38:21
1895,11,-1.230,2026-08-11 11:38:21
1895,12,-0.270,2026-08-11 11:38:21
1896,1,0.320,2026-08-11 11:38:21
1896,2,0.200,2026-08-11 11:38:21
1896,3,-0.170,2026-08-11 11:38:21
1896,4,-0.910,2026-08-11 11:38:21
1896,5,-1.320,2026-08-11 11:38:21
1896,6,-0.680,2026-08-11 11:38:21
1896,7,-0.320,2026-08-11 11:38:21
1896,8,-0.180,2026-08-11 11:38:21
1896,9,0.990,2026-08-11 11:38:21
1896,10,0.260,2026-08-11 11:38:21
1896,11,0.290,2026-08-11 11:38:21
1896,12,0.210,2026-08-11 11:38:21
1897,1,0.380,2026-08-11 11:38:21
1897,2,-0.290,2026-08-11 11:38:21
1897,3,-0.620,2026-08-11 11:38:21
1897,4,-0.060,2026-08-11 11:38:21
1897,5,0.670,2026-08-11 11:38:21
1897,6,0.800,2026-08-11 11:38:21
1897,7,0.570,2026-08-11 11:38:21
1897,8,-0.000,2026-08-11 11:38:21
1897,9,-0.700,2026-08-11 11:38:21
1897,10,0.310,2026-08-11 11:38:21
1897,11,0.580,2026-08-11 11:38:21
1897,12,0.050,2026-08-11 11:38:21
1898,1,-0.080,2026-08-11 11:38:21
1898,2,-0.270,2026-08-11 11:38:21
1898,3,-0.420,2026-08-11 11:38:21
1898,4,0.210,2026-08-11 11:38:21
1898,5,-0.390,2026-08-11 11:38:21
1898,6,0.290,2026-08-11 11:38:21
1898,7,-0.360,2026-08-11 11:38:21
1898,8,0.430,2026-08-11 11:38:21
1898,9,0.290,2026-08-11 11:38:21
1898,10,0.270,2026-08-11 11:38:21
1898,11,0.550,2026-08-11 11:38:21
1898,12,0.600,2026-08-11 11:38:21
1899,1,0.080,2026-08-11 11:38:21
1899,2,-1.270,2026-08-11 11:38:21
1899,3,-0.750,2026-08-11 11:38:21
1899,4,-0.510,2026-08-11 11:38:21
1899,5,-1.070,2026-08-11 11:38:21
1899,6,-1.480,2026-08-11 11:38:21
1899,7,-0.140,2026-08-11 11:38:21
1899,8,0.320,2026-08-11 11:38:21
1899,9,0.350,2026-08-11 11:38:21
1899,10,-0.370,2026-08-11 11:38:21
1899,11,0.300,2026-08-11 11:38:21
1899,12,0.320,2026-08-11 11:38:21
1900,1,0.810,2026-08-11 11:38:21
1900,2,0.200,2026-08-11 11:38:21
1900,3,0.610,2026-08-11 11:38:21
1900,4,1.850,2026-08-11 11:38:21
1900,5,1.490,2026-08-11 11:38:21
1900,6,1.230,2026-08-11 11:38:21
1900,7,1.070,2026-08-11 11:38:21
1900,8,1.150,2026-08-11 11:38:21
1900,9,-0.400,2026-08-11 11:38:21
1900,10,0.080,2026-08-11 11:38:21
1900,11,0.570,2026-08-11 11:38:21
1900,12,1.020,2026-08-11 11:38:21
1901,1,1.130,2026-08-11 11:38:21
1901,2,0.650,2026-08-11 11:38:21
1901,3,-0.330,2026-08-11 11:38:21
1901,4,-0.450,2026-08-11 11:38:21
1901,5,-0.990,2026-08-11 11:38:21
1901,6,-0.840,2026-08-11 11:38:21
1901,7,-1.330,2026-08-11 11:38:21
1901,8,-0.730,2026-08-11 11:38:21
1901,9,-0.070,2026-08-11 11:38:21
1901,10,0.250,2026-08-11 11:38:21
1901,11,-0.080,2026-08-11 11:38:21
1901,12,0.560,2026-08-11 11:38:21
1902,1,1.370,2026-08-11 11:38:21
1902,2,0.530,2026-08-11 11:38:21
1902,3,0.400,2026-08-11 11:38:21
1902,4,0.640,2026-08-11 11:38:21
1902,5,1.360,2026-08-11 11:38:21
1902,6,2.330,2026-08-11 11:38:21
1902,7,3.040,2026-08-11 11:38:21
1902,8,1.810,2026-08-11 11:38:21
1902,9,0.890,2026-08-11 11:38:21
1902,10,1.110,2026-08-11 11:38:21
1902,11,0.740,2026-08-11 11:38:21
1902,12,0.440,2026-08-11 11:38:21
1903,1,-0.040,2026-08-11 11:38:21
1903,2,0.100,2026-08-11 11:38:21
1903,3,-0.190,2026-08-11 11:38:21
1903,4,-1.080,2026-08-11 11:38:21
1903,5,-0.370,2026-08-11 11:38:21
1903,6,0.040,2026-08-11 11:38:21
1903,7,1.490,2026-08-11 11:38:21
1903,8,1.350,2026-08-11 11:38:21
1903,9,0.540,2026-08-11 11:38:21
1903,10,0.720,2026-08-11 11:38:21
1903,11,0.220,2026-08-11 11:38:21
1903,12,0.600,2026-08-11 11:38:21
1904,1,1.410,2026-08-11 11:38:21
1904,2,0.540,2026-08-11 11:38:21
1904,3,0.720,2026-08-11 11:38:21
1904,4,0.070,2026-08-11 11:38:21
1904,5,0.470,2026-08-11 11:38:21
1904,6,-0.070,2026-08-11 11:38:21
1904,7,0.050,2026-08-11 11:38:21
1904,8,1.640,2026-08-11 11:38:21
1904,9,2.240,2026-08-11 11:38:21
1904,10,1.800,2026-08-11 11:38:21
1904,11,1.930,2026-08-11 11:38:21
1904,12,3.120,2026-08-11 11:38:21
1905,1,2.750,2026-08-11 11:38:21
1905,2,1.710,2026-08-11 11:38:21
1905,3,1.040,2026-08-11 11:38:21
1905,4,2.050,2026-08-11 11:38:21
1905,5,1.310,2026-08-11 11:38:21
1905,6,1.560,2026-08-11 11:38:21
1905,7,2.310,2026-08-11 11:38:21
1905,8,2.410,2026-08-11 11:38:21
1905,9,2.100,2026-08-11 11:38:21
1905,10,-0.410,2026-08-11 11:38:21
1905,11,0.740,2026-08-11 11:38:21
1905,12,-0.980,2026-08-11 11:38:21
1906,1,1.360,2026-08-11 11:38:21
1906,2,1.260,2026-08-11 11:38:21
1906,3,0.500,2026-08-11 11:38:21
1906,4,0.430,2026-08-11 11:38:21
1906,5,1.450,2026-08-11 11:38:21
1906,6,0.930,2026-08-11 11:38:21
1906,7,1.350,2026-08-11 11:38:21
1906,8,0.940,2026-08-11 11:38:21
1906,9,0.110,2026-08-11 11:38:21
1906,10,0.940,2026-08-11 11:38:21
1906,11,0.890,2026-08-11 11:38:21
1906,12,-0.430,2026-08-11 11:38:21
1907,1,-0.680,2026-08-11 11:38:21
1907,2,-0.360,2026-08-11 11:38:21
1907,3,-1.880,2026-08-11 11:38:21
1907,4,-1.580,2026-08-11 11:38:21
1907,5,0.230,2026-08-11 11:38:21
1907,6,0.960,2026-08-11 11:38:21
1907,7,0.590,2026-08-11 11:38:21
1907,8,-0.310,2026-08-11 11:38:21
1907,9,0.780,2026-08-11 11:38:21
1907,10,1.840,2026-08-11 11:38:21
1907,11,1.770,2026-08-11 11:38:21
1907,12,1.940,2026-08-11 11:38:21
1908,1,1.720,2026-08-11 11:38:21
1908,2,1.670,2026-08-11 11:38:21
1908,3,0.510,2026-08-11 11:38:21
1908,4,-0.080,2026-08-11 11:38:21
1908,5,0.160,2026-08-11 11:38:21
1908,6,0.210,2026-08-11 11:38:21
1908,7,0.420,2026-08-11 11:38:21
1908,8,-0.720,2026-08-11 11:38:21
1908,9,0.710,2026-08-11 11:38:21
1908,10,0.940,2026-08-11 11:38:21
1908,11,1.880,2026-08-11 11:38:21
1908,12,1.340,2026-08-11 11:38:21
1909,1,0.690,2026-08-11 11:38:21
1909,2,0.860,2026-08-11 11:38:21
1909,3,0.930,2026-08-11 11:38:21
1909,4,0.280,2026-08-11 11:38:21
1909,5,-0.170,2026-08-11 11:38:21
1909,6,-0.650,2026-08-11 11:38:21
1909,7,-1.390,2026-08-11 11:38:21
1909,8,-2.300,2026-08-11 11:38:21
1909,9,-1.970,2026-08-11 11:38:21
1909,10,-1.250,2026-08-11 11:38:21
1909,11,-1.360,2026-08-11 11:38:21
1909,12,-2.210,2026-08-11 11:38:21
1910,1,-1.710,2026-08-11 11:38:21
1910,2,-1.230,2026-08-11 11:38:21
1910,3,-0.900,2026-08-11 11:38:21
1910,4,-1.970,2026-08-11 11:38:21
1910,5,-2.330,2026-08-11 11:38:21
1910,6,-0.350,2026-08-11 11:38:21
1910,7,-0.080,2026-08-11 11:38:21
1910,8,-0.730,2026-08-11 11:38:21
1910,9,0.730,2026-08-11 11:38:21
1910,10,-0.960,2026-08-11 11:38:21
1910,11,-0.590,2026-08-11 11:38:21
1910,12,0.390,2026-08-11 11:38:21
1911,1,-0.300,2026-08-11 11:38:21
1911,2,-1.210,2026-08-11 11:38:21
1911,3,-1.260,2026-08-11 11:38:21
1911,4,-0.560,2026-08-11 11:38:21
1911,5,-0.710,2026-08-11 11:38:21
1911,6,-1.510,2026-08-11 11:38:21
1911,7,-0.380,2026-08-11 11:38:21
1911,8,0.080,2026-08-11 11:38:21
1911,9,-0.260,2026-08-11 11:38:21
1911,10,-0.120,2026-08-11 11:38:21
1911,11,-0.380,2026-08-11 11:38:21
1911,12,-0.970,2026-08-11 11:38:21
1912,1,-0.210,2026-08-11 11:38:21
1912,2,-0.020,2026-08-11 11:38:21
1912,3,-0.440,2026-08-11 11:38:21
1912,4,-0.510,2026-08-11 11:38:21
1912,5,-0.040,2026-08-11 11:38:21
1912,6,0.450,2026-08-11 11:38:21
1912,7,0.260,2026-08-11 11:38:21
1912,8,0.340,2026-08-11 11:38:21
1912,9,1.230,2026-08-11 11:38:21
1912,10,0.820,2026-08-11 11:38:21
1912,11,0.050,2026-08-11 11:38:21
1912,12,0.060,2026-08-11 11:38:21
1913,1,-0.250,2026-08-11 11:38:21
1913,2,0.110,2026-08-11 11:38:21
1913,3,-0.230,2026-08-11 11:38:21
1913,4,-0.850,2026-08-11 11:38:21
1913,5,0.100,2026-08-11 11:38:21
1913,6,0.320,2026-08-11 11:38:21
1913,7,0.900,2026-08-11 11:38:21
1913,8,1.120,2026-08-11 11:38:21
1913,9,0.760,2026-08-11 11:38:21
1913,10,0.400,2026-08-11 11:38:21
1913,11,0.440,2026-08-11 11:38:21
1913,12,0.110,2026-08-11 11:38:21
1914,1,-0.280,2026-08-11 11:38:21
1914,2,-0.300,2026-08-11 11:38:21
1914,3,0.040,2026-08-11 11:38:21
1914,4,0.820,2026-08-11 11:38:21
1914,5,0.470,2026-08-11 11:38:21
1914,6,-0.830,2026-08-11 11:38:21
1914,7,-1.010,2026-08-11 11:38:21
1914,8,-0.970,2026-08-11 11:38:21
1914,9,-1.170,2026-08-11 11:38:21
1914,10,-0.740,2026-08-11 11:38:21
1914,11,-0.350,2026-08-11 11:38:21
1914,12,-0.070,2026-08-11 11:38:21
1915,1,-0.420,2026-08-11 11:38:21
1915,2,-0.530,2026-08-11 11:38:21
1915,3,0.350,2026-08-11 11:38:21
1915,4,1.260,2026-08-11 11:38:21
1915,5,1.540,2026-08-11 11:38:21
1915,6,1.530,2026-08-11 11:38:21
1915,7,1.240,2026-08-11 11:38:21
1915,8,0.500,2026-08-11 11:38:21
1915,9,-0.080,2026-08-11 11:38:21
1915,10,-1.510,2026-08-11 11:38:21
1915,11,-1.450,2026-08-11 11:38:21
1915,12,-0.820,2026-08-11 11:38:21
1916,1,-1.560,2026-08-11 11:38:21
1916,2,-1.550,2026-08-11 11:38:21
1916,3,-1.300,2026-08-11 11:38:21
1916,4,-0.590,2026-08-11 11:38:21
1916,5,-0.490,2026-08-11 11:38:21
1916,6,-1.690,2026-08-11 11:38:21
1916,7,-1.680,2026-08-11 11:38:21
1916,8,-2.240,2026-08-11 11:38:21
1916,9,-2.050,2026-08-11 11:38:21
1916,10,-1.820,2026-08-11 11:38:21
1916,11,-2.480,2026-08-11 11:38:21
1916,12,-2.440,2026-08-11 11:38:21
1917,1,-1.710,2026-08-11 11:38:21
1917,2,-1.730,2026-08-11 11:38:21
1917,3,-1.940,2026-08-11 11:38:21
1917,4,-1.780,2026-08-11 11:38:21
1917,5,-1.190,2026-08-11 11:38:21
1917,6,-1.060,2026-08-11 11:38:21
1917,7,-0.900,2026-08-11 11:38:21
1917,8,-0.750,2026-08-11 11:38:21
1917,9,-1.150,2026-08-11 11:38:21
1917,10,-1.420,2026-08-11 11:38:21
1917,11,-0.740,2026-08-11 11:38:21
1917,12,-0.520,2026-08-11 11:38:21
1918,1,0.420,2026-08-11 11:38:21
1918,2,-0.130,2026-08-11 11:38:21
1918,3,-0.940,2026-08-11 11:38:21
1918,4,-0.850,2026-08-11 11:38:21
1918,5,-1.070,2026-08-11 11:38:21
1918,6,-0.570,2026-08-11 11:38:21
1918,7,-0.000,2026-08-11 11:38:21
1918,8,0.220,2026-08-11 11:38:21
1918,9,0.410,2026-08-11 11:38:21
1918,10,1.310,2026-08-11 11:38:21
1918,11,1.330,2026-08-11 11:38:21
1918,12,0.550,2026-08-11 11:38:21
1919,1,0.470,2026-08-11 11:38:21
1919,2,-0.050,2026-08-11 11:38:21
1919,3,-0.640,2026-08-11 11:38:21
1919,4,-0.630,2026-08-11 11:38:21
1919,5,-1.050,2026-08-11 11:38:21
1919,6,-1.530,2026-08-11 11:38:21
1919,7,-1.870,2026-08-11 11:38:21
1919,8,-0.920,2026-08-11 11:38:21
1919,9,-0.310,2026-08-11 11:38:21
1919,10,-0.600,2026-08-11 11:38:21
1919,11,-0.770,2026-08-11 11:38:21
1919,12,-0.390,2026-08-11 11:38:21
1920,1,-1.080,2026-08-11 11:38:21
1920,2,-0.770,2026-08-11 11:38:21
1920,3,-0.900,2026-08-11 11:38:21
1920,4,-1.330,2026-08-11 11:38:21
1920,5,-1.240,2026-08-11 11:38:21
1920,6,-1.280,2026-08-11 11:38:21
1920,7,-1.590,2026-08-11 11:38:21
1920,8,-2.260,2026-08-11 11:38:21
1920,9,-2.190,2026-08-11 11:38:21
1920,10,-1.790,2026-08-11 11:38:21
1920,11,-0.800,2026-08-11 11:38:21
1920,12,-0.690,2026-08-11 11:38:21
1921,1,-1.090,2026-08-11 11:38:21
1921,2,-1.550,2026-08-11 11:38:21
1921,3,-0.850,2026-08-11 11:38:21
1921,4,-1.630,2026-08-11 11:38:21
1921,5,-1.500,2026-08-11 11:38:21
1921,6,-1.050,2026-08-11 11:38:21
1921,7,-1.580,2026-08-11 11:38:21
1921,8,-2.010,2026-08-11 11:38:21
1921,9,-1.500,2026-08-11 11:38:21
1921,10,-1.580,2026-08-11 11:38:21
1921,11,-0.810,2026-08-11 11:38:21
1921,12,0.000,2026-08-11 11:38:21
1922,1,0.070,2026-08-11 11:38:21
1922,2,-1.260,2026-08-11 11:38:21
1922,3,-1.630,2026-08-11 11:38:21
1922,4,-1.810,2026-08-11 11:38:21
1922,5,-1.890,2026-08-11 11:38:21
1922,6,-1.270,2026-08-11 11:38:21
1922,7,-0.740,2026-08-11 11:38:21
1922,8,-0.560,2026-08-11 11:38:21
1922,9,-0.490,2026-08-11 11:38:21
1922,10,-0.270,2026-08-11 11:38:21
1922,11,-0.740,2026-08-11 11:38:21
1922,12,0.460,2026-08-11 11:38:21
1923,1,0.240,2026-08-11 11:38:21
1923,2,-0.750,2026-08-11 11:38:21
1923,3,-1.010,2026-08-11 11:38:21
1923,4,-0.510,2026-08-11 11:38:21
1923,5,0.180,2026-08-11 11:38:21
1923,6,-0.980,2026-08-11 11:38:21
1923,7,0.600,2026-08-11 11:38:21
1923,8,0.210,2026-08-11 11:38:21
1923,9,-0.250,2026-08-11 11:38:21
1923,10,0.260,2026-08-11 11:38:21
1923,11,-0.260,2026-08-11 11:38:21
1923,12,-0.220,2026-08-11 11:38:21
1924,1,-0.700,2026-08-11 11:38:21
1924,2,-0.670,2026-08-11 11:38:21
1924,3,-0.470,2026-08-11 11:38:21
1924,4,-1.230,2026-08-11 11:38:21
1924,5,-0.530,2026-08-11 11:38:21
1924,6,-0.390,2026-08-11 11:38:21
1924,7,-1.010,2026-08-11 11:38:21
1924,8,-1.410,2026-08-11 11:38:21
1924,9,-1.730,2026-08-11 11:38:21
1924,10,-2.130,2026-08-11 11:38:21
1924,11,-1.400,2026-08-11 11:38:21
1924,12,-0.270,2026-08-11 11:38:21
1925,1,-0.930,2026-08-11 11:38:21
1925,2,-0.620,2026-08-11 11:38:21
1925,3,-0.650,2026-08-11 11:38:21
1925,4,-1.140,2026-08-11 11:38:21
1925,5,-0.510,2026-08-11 11:38:21
1925,6,-1.030,2026-08-11 11:38:21
1925,7,-0.690,2026-08-11 11:38:21
1925,8,-0.720,2026-08-11 11:38:21
1925,9,0.090,2026-08-11 11:38:21
1925,10,0.260,2026-08-11 11:38:21
1925,11,0.940,2026-08-11 11:38:21
1925,12,0.720,2026-08-11 11:38:21
1926,1,1.120,2026-08-11 11:38:21
1926,2,1.260,2026-08-11 11:38:21
1926,3,1.230,2026-08-11 11:38:21
1926,4,1.810,2026-08-11 11:38:21
1926,5,2.290,2026-08-11 11:38:21
1926,6,1.630,2026-08-11 11:38:21
1926,7,2.140,2026-08-11 11:38:21
1926,8,1.700,2026-08-11 11:38:21
1926,9,1.620,2026-08-11 11:38:21
1926,10,1.790,2026-08-11 11:38:21
1926,11,2.550,2026-08-11 11:38:21
1926,12,2.110,2026-08-11 11:38:21
1927,1,0.910,2026-08-11 11:38:21
1927,2,1.330,2026-08-11 11:38:21
1927,3,0.890,2026-08-11 11:38:21
1927,4,-0.030,2026-08-11 11:38:21
1927,5,-0.120,2026-08-11 11:38:21
1927,6,0.560,2026-08-11 11:38:21
1927,7,-0.280,2026-08-11 11:38:21
1927,8,-0.760,2026-08-11 11:38:21
1927,9,0.030,2026-08-11 11:38:21
1927,10,-0.630,2026-08-11 11:38:21
1927,11,-0.240,2026-08-11 11:38:21
1927,12,-0.080,2026-08-11 11:38:21
1928,1,0.450,2026-08-11 11:38:21
1928,2,0.750,2026-08-11 11:38:21
1928,3,0.880,2026-08-11 11:38:21
1928,4,0.420,2026-08-11 11:38:21
1928,5,0.480,2026-08-11 11:38:21
1928,6,0.960,2026-08-11 11:38:21
1928,7,-0.680,2026-08-11 11:38:21
1928,8,-0.860,2026-08-11 11:38:21
1928,9,-1.790,2026-08-11 11:38:21
1928,10,-1.050,2026-08-11 11:38:21
1928,11,0.090,2026-08-11 11:38:21
1928,12,0.600,2026-08-11 11:38:21
1929,1,0.830,2026-08-11 11:38:21
1929,2,0.240,2026-08-11 11:38:21
1929,3,0.040,2026-08-11 11:38:21
1929,4,0.230,2026-08-11 11:38:21
1929,5,0.480,2026-08-11 11:38:21
1929,6,0.600,2026-08-11 11:38:21
1929,7,0.030,2026-08-11 11:38:21
1929,8,-0.120,2026-08-11 11:38:21
1929,9,1.010,2026-08-11 11:38:21
1929,10,1.020,2026-08-11 11:38:21
1929,11,0.640,2026-08-11 11:38:21
1929,12,1.550,2026-08-11 11:38:21
1930,1,1.290,2026-08-11 11:38:21
1930,2,0.770,2026-08-11 11:38:21
1930,3,0.300,2026-08-11 11:38:21
1930,4,0.190,2026-08-11 11:38:21
1930,5,0.100,2026-08-11 11:38:21
1930,6,0.020,2026-08-11 11:38:21
1930,7,-0.000,2026-08-11 11:38:21
1930,8,-0.200,2026-08-11 11:38:21
1930,9,0.330,2026-08-11 11:38:21
1930,10,0.010,2026-08-11 11:38:21
1930,11,-0.020,2026-08-11 11:38:21
1930,12,0.840,2026-08-11 11:38:21
1931,1,1.250,2026-08-11 11:38:21
1931,2,1.180,2026-08-11 11:38:21
1931,3,1.140,2026-08-11 11:38:21
1931,4,1.610,2026-08-11 11:38:21
1931,5,2.000,2026-08-11 11:38:21
1931,6,1.760,2026-08-11 11:38:21
1931,7,2.080,2026-08-11 11:38:21
1931,8,0.740,2026-08-11 11:38:21
1931,9,0.850,2026-08-11 11:38:21
1931,10,0.090,2026-08-11 11:38:21
1931,11,-0.210,2026-08-11 11:38:21
1931,12,-0.840,2026-08-11 11:38:21
1932,1,-1.220,2026-08-11 11:38:21
1932,2,-1.630,2026-08-11 11:38:21
1932,3,-0.650,2026-08-11 11:38:21
1932,4,0.490,2026-08-11 11:38:21
1932,5,-0.030,2026-08-11 11:38:21
1932,6,-0.150,2026-08-11 11:38:21
1932,7,-0.230,2026-08-11 11:38:21
1932,8,-0.290,2026-08-11 11:38:21
1932,9,-1.140,2026-08-11 11:38:21
1932,10,-0.020,2026-08-11 11:38:21
1932,11,-0.320,2026-08-11 11:38:21
1932,12,0.160,2026-08-11 11:38:21
1933,1,-0.700,2026-08-11 11:38:21
1933,2,-1.080,2026-08-11 11:38:21
1933,3,-1.050,2026-08-11 11:38:21
1933,4,-0.840,2026-08-11 11:38:21
1933,5,-1.830,2026-08-11 11:38:21
1933,6,-2.360,2026-08-11 11:38:21
1933,7,-3.320,2026-08-11 11:38:21
1933,8,-2.920,2026-08-11 11:38:21
1933,9,-2.970,2026-08-11 11:38:21
1933,10,-1.830,2026-08-11 11:38:21
1933,11,-0.490,2026-08-11 11:38:21
1933,12,-0.660,2026-08-11 11:38:21
1934,1,-0.410,2026-08-11 11:38:21
1934,2,0.100,2026-08-11 11:38:21
1934,3,0.880,2026-08-11 11:38:21
1934,4,1.260,2026-08-11 11:38:21
1934,5,0.790,2026-08-11 11:38:21
1934,6,-0.270,2026-08-11 11:38:21
1934,7,0.180,2026-08-11 11:38:21
1934,8,1.230,2026-08-11 11:38:21
1934,9,1.130,2026-08-11 11:38:21
1934,10,1.910,2026-08-11 11:38:21
1934,11,1.640,2026-08-11 11:38:21
1934,12,1.510,2026-08-11 11:38:21
1935,1,0.720,2026-08-11 11:38:21
1935,2,0.110,2026-08-11 11:38:21
1935,3,-0.260,2026-08-11 11:38:21
1935,4,0.100,2026-08-11 11:38:21
1935,5,0.730,2026-08-11 11:38:21
1935,6,1.230,2026-08-11 11:38:21
1935,7,0.620,2026-08-11 11:38:21
1935,8,0.350,2026-08-11 11:38:21
1935,9,0.420,2026-08-11 11:38:21
1935,10,0.400,2026-08-11 11:38:21
1935,11,0.230,2026-08-11 11:38:21
1935,12,1.530,2026-08-11 11:38:21
1936,1,2.170,2026-08-11 11:38:21
1936,2,1.600,2026-08-11 11:38:21
1936,3,1.190,2026-08-11 11:38:21
1936,4,1.190,2026-08-11 11:38:21
1936,5,1.640,2026-08-11 11:38:21
1936,6,2.240,2026-08-11 11:38:21
1936,7,2.790,2026-08-11 11:38:21
1936,8,1.950,2026-08-11 11:38:21
1936,9,0.980,2026-08-11 11:38:21
1936,10,2.150,2026-08-11 11:38:21
1936,11,2.830,2026-08-11 11:38:21
1936,12,1.520,2026-08-11 11:38:21
1937,1,0.060,2026-08-11 11:38:21
1937,2,-0.450,2026-08-11 11:38:21
1937,3,-0.280,2026-08-11 11:38:21
1937,4,-0.690,2026-08-11 11:38:21
1937,5,-0.390,2026-08-11 11:38:21
1937,6,1.160,2026-08-11 11:38:21
1937,7,-0.320,2026-08-11 11:38:21
1937,8,-0.980,2026-08-11 11:38:21
1937,9,0.010,2026-08-11 11:38:21
1937,10,0.520,2026-08-11 11:38:21
1937,11,0.970,2026-08-11 11:38:21
1937,12,1.060,2026-08-11 11:38:21
1938,1,1.530,2026-08-11 11:38:21
1938,2,0.280,2026-08-11 11:38:21
1938,3,-0.450,2026-08-11 11:38:21
1938,4,-0.220,2026-08-11 11:38:21
1938,5,-0.590,2026-08-11 11:38:21
1938,6,-0.620,2026-08-11 11:38:21
1938,7,-0.630,2026-08-11 11:38:21
1938,8,-0.570,2026-08-11 11:38:21
1938,9,-0.260,2026-08-11 11:38:21
1938,10,0.780,2026-08-11 11:38:21
1938,11,0.040,2026-08-11 11:38:21
1938,12,1.140,2026-08-11 11:38:21
1939,1,1.170,2026-08-11 11:38:21
1939,2,-0.100,2026-08-11 11:38:21
1939,3,-0.630,2026-08-11 11:38:21
1939,4,0.030,2026-08-11 11:38:21
1939,5,0.120,2026-08-11 11:38:21
1939,6,-0.070,2026-08-11 11:38:21
1939,7,-1.100,2026-08-11 11:38:21
1939,8,-1.310,2026-08-11 11:38:21
1939,9,-1.540,2026-08-11 11:38:21
1939,10,-1.490,2026-08-11 11:38:21
1939,11,-0.900,2026-08-11 11:38:21
1939,12,1.440,2026-08-11 11:38:21
1940,1,1.820,2026-08-11 11:38:21
1940,2,1.550,2026-08-11 11:38:21
1940,3,1.870,2026-08-11 11:38:21
1940,4,2.060,2026-08-11 11:38:21
1940,5,1.760,2026-08-11 11:38:21
1940,6,2.070,2026-08-11 11:38:21
1940,7,1.820,2026-08-11 11:38:21
1940,8,1.310,2026-08-11 11:38:21
1940,9,1.090,2026-08-11 11:38:21
1940,10,1.280,2026-08-11 11:38:21
1940,11,1.550,2026-08-11 11:38:21
1940,12,2.680,2026-08-11 11:38:21
1941,1,2.670,2026-08-11 11:38:21
1941,2,2.860,2026-08-11 11:38:21
1941,3,2.430,2026-08-11 11:38:21
1941,4,2.310,2026-08-11 11:38:21
1941,5,2.070,2026-08-11 11:38:21
1941,6,2.830,2026-08-11 11:38:21
1941,7,3.010,2026-08-11 11:38:21
1941,8,3.220,2026-08-11 11:38:21
1941,9,2.040,2026-08-11 11:38:21
1941,10,1.140,2026-08-11 11:38:21
1941,11,1.510,2026-08-11 11:38:21
1941,12,2.210,2026-08-11 11:38:21
1942,1,2.480,2026-08-11 11:38:21
1942,2,1.960,2026-08-11 11:38:21
1942,3,1.110,2026-08-11 11:38:21
1942,4,0.970,2026-08-11 11:38:21
1942,5,0.530,2026-08-11 11:38:21
1942,6,0.770,2026-08-11 11:38:21
1942,7,0.580,2026-08-11 11:38:21
1942,8,0.600,2026-08-11 11:38:21
1942,9,0.370,2026-08-11 11:38:21
1942,10,0.230,2026-08-11 11:38:21
1942,11,-0.130,2026-08-11 11:38:21
1942,12,-0.930,2026-08-11 11:38:21
1943,1,-1.620,2026-08-11 11:38:21
1943,2,-0.700,2026-08-11 11:38:21
1943,3,0.320,2026-08-11 11:38:21
1943,4,1.280,2026-08-11 11:38:21
1943,5,0.580,2026-08-11 11:38:21
1943,6,-0.140,2026-08-11 11:38:21
1943,7,-0.220,2026-08-11 11:38:21
1943,8,-1.880,2026-08-11 11:38:21
1943,9,-1.610,2026-08-11 11:38:21
1943,10,-1.480,2026-08-11 11:38:21
1943,11,-0.180,2026-08-11 11:38:21
1943,12,1.980,2026-08-11 11:38:21
1944,1,1.580,2026-08-11 11:38:21
1944,2,0.250,2026-08-11 11:38:21
1944,3,-0.530,2026-08-11 11:38:21
1944,4,-0.870,2026-08-11 11:38:21
1944,5,-1.760,2026-08-11 11:38:21
1944,6,-2.100,2026-08-11 11:38:21
1944,7,-1.490,2026-08-11 11:38:21
1944,8,-1.000,2026-08-11 11:38:21
1944,9,-1.940,2026-08-11 11:38:21
1944,10,-1.500,2026-08-11 11:38:21
1944,11,-0.810,2026-08-11 11:38:21
1944,12,-0.480,2026-08-11 11:38:21
1945,1,-0.090,2026-08-11 11:38:21
1945,2,-0.340,2026-08-11 11:38:21
1945,3,-0.060,2026-08-11 11:38:21
1945,4,-0.370,2026-08-11 11:38:21
1945,5,-0.380,2026-08-11 11:38:21
1945,6,0.160,2026-08-11 11:38:21
1945,7,0.310,2026-08-11 11:38:21
1945,8,-0.610,2026-08-11 11:38:21
1945,9,-0.570,2026-08-11 11:38:21
1945,10,-0.420,2026-08-11 11:38:21
1945,11,-1.340,2026-08-11 11:38:21
1945,12,-1.990,2026-08-11 11:38:21
1946,1,-1.100,2026-08-11 11:38:21
1946,2,0.670,2026-08-11 11:38:21
1946,3,0.730,2026-08-11 11:38:21
1946,4,0.670,2026-08-11 11:38:21
1946,5,-0.450,2026-08-11 11:38:21
1946,6,-0.630,2026-08-11 11:38:21
1946,7,-0.070,2026-08-11 11:38:21
1946,8,-0.170,2026-08-11 11:38:21
1946,9,-0.150,2026-08-11 11:38:21
1946,10,-1.230,2026-08-11 11:38:21
1946,11,-1.820,2026-08-11 11:38:21
1946,12,-1.660,2026-08-11 11:38:21
1947,1,-0.150,2026-08-11 11:38:21
1947,2,0.220,2026-08-11 11:38:21
1947,3,0.310,2026-08-11 11:38:21
1947,4,0.100,2026-08-11 11:38:21
1947,5,-0.360,2026-08-11 11:38:21
1947,6,0.670,2026-08-11 11:38:21
1947,7,0.780,2026-08-11 11:38:21
1947,8,0.610,2026-08-11 11:38:21
1947,9,0.400,2026-08-11 11:38:21
1947,10,1.390,2026-08-11 11:38:21
1947,11,0.610,2026-08-11 11:38:21
1947,12,0.430,2026-08-11 11:38:21
1948,1,0.270,2026-08-11 11:38:21
1948,2,-0.320,2026-08-11 11:38:21
1948,3,-1.110,2026-08-11 11:38:21
1948,4,-1.130,2026-08-11 11:38:21
1948,5,-1.780,2026-08-11 11:38:21
1948,6,0.010,2026-08-11 11:38:21
1948,7,-0.100,2026-08-11 11:38:21
1948,8,-1.070,2026-08-11 11:38:21
1948,9,-1.070,2026-08-11 11:38:21
1948,10,-1.740,2026-08-11 11:38:21
1948,11,-0.920,2026-08-11 11:38:21
1948,12,-1.850,2026-08-11 11:38:21
1949,1,-2.820,2026-08-11 11:38:21
1949,2,-3.170,2026-08-11 11:38:21
1949,3,-1.820,2026-08-11 11:38:21
1949,4,-1.540,2026-08-11 11:38:21
1949,5,-1.370,2026-08-11 11:38:21
1949,6,-1.210,2026-08-11 11:38:21
1949,7,-1.480,2026-08-11 11:38:21
1949,8,-1.610,2026-08-11 11:38:21
1949,9,-1.600,2026-08-11 11:38:21
1949,10,-2.290,2026-08-11 11:38:21
1949,11,-1.080,2026-08-11 11:38:21
1949,12,-0.930,2026-08-11 11:38:21
1950,1,-1.610,2026-08-11 11:38:21
1950,2,-2.170,2026-08-11 11:38:21
1950,3,-1.890,2026-08-11 11:38:21
1950,4,-1.990,2026-08-11 11:38:21
1950,5,-3.190,2026-08-11 11:38:21
1950,6,-2.520,2026-08-11 11:38:21
1950,7,-3.650,2026-08-11 11:38:21
1950,8,-2.980,2026-08-11 11:38:21
1950,9,-2.400,2026-08-11 11:38:21
1950,10,-1.920,2026-08-11 11:38:21
1950,11,-1.450,2026-08-11 11:38:21
1950,12,-1.060,2026-08-11 11:38:21
1951,1,-1.190,2026-08-11 11:38:21
1951,2,-1.520,2026-08-11 11:38:21
1951,3,-1.720,2026-08-11 11:38:21
1951,4,-1.350,2026-08-11 11:38:21
1951,5,-1.290,2026-08-11 11:38:21
1951,6,-1.770,2026-08-11 11:38:21
1951,7,-0.230,2026-08-11 11:38:21
1951,8,-1.760,2026-08-11 11:38:21
1951,9,-0.780,2026-08-11 11:38:21
1951,10,-0.090,2026-08-11 11:38:21
1951,11,-0.310,2026-08-11 11:38:21
1951,12,-1.450,2026-08-11 11:38:21
1952,1,-2.190,2026-08-11 11:38:21
1952,2,-1.350,2026-08-11 11:38:21
1952,3,-1.670,2026-08-11 11:38:21
1952,4,-1.920,2026-08-11 11:38:21
1952,5,-2.070,2026-08-11 11:38:21
1952,6,-2.130,2026-08-11 11:38:21
1952,7,-2.050,2026-08-11 11:38:21
1952,8,-1.580,2026-08-11 11:38:21
1952,9,-1.360,2026-08-11 11:38:21
1952,10,-0.910,2026-08-11 11:38:21
1952,11,-0.530,2026-08-11 11:38:21
1952,12,-0.830,2026-08-11 11:38:21
1953,1,-0.160,2026-08-11 11:38:21
1953,2,-0.460,2026-08-11 11:38:21
1953,3,-1.270,2026-08-11 11:38:21
1953,4,-0.900,2026-08-11 11:38:21
1953,5,-0.550,2026-08-11 11:38:21
1953,6,-0.200,2026-08-11 11:38:21
1953,7,0.060,2026-08-11 11:38:21
1953,8,-0.920,2026-08-11 11:38:21
1953,9,-1.110,2026-08-11 11:38:21
1953,10,-1.480,2026-08-11 11:38:21
1953,11,-0.510,2026-08-11 11:38:21
1953,12,-0.180,2026-08-11 11:38:21
1954,1,-1.130,2026-08-11 11:38:21
1954,2,-0.950,2026-08-11 11:38:21
1954,3,-1.150,2026-08-11 11:38:21
1954,4,-1.250,2026-08-11 11:38:21
1954,5,-0.760,2026-08-11 11:38:21
1954,6,0.490,2026-08-11 11:38:21
1954,7,-0.080,2026-08-11 11:38:21
1954,8,-0.320,2026-08-11 11:38:21
1954,9,-1.050,2026-08-11 11:38:21
1954,10,0.020,2026-08-11 11:38:21
1954,11,0.850,2026-08-11 11:38:21
1954,12,0.490,2026-08-11 11:38:21
1955,1,-0.230,2026-08-11 11:38:21
1955,2,-1.010,2026-08-11 11:38:21
1955,3,-1.240,2026-08-11 11:38:21
1955,4,-2.210,2026-08-11 11:38:21
1955,5,-1.890,2026-08-11 11:38:21
1955,6,-2.180,2026-08-11 11:38:21
1955,7,-2.750,2026-08-11 11:38:21
1955,8,-2.660,2026-08-11 11:38:21
1955,9,-2.480,2026-08-11 11:38:21
1955,10,-3.350,2026-08-11 11:38:21
1955,11,-2.630,2026-08-11 11:38:21
1955,12,-2.200,2026-08-11 11:38:21
1956,1,-2.260,2026-08-11 11:38:21
1956,2,-2.280,2026-08-11 11:38:21
1956,3,-2.930,2026-08-11 11:38:21
1956,4,-2.550,2026-08-11 11:38:21
1956,5,-1.620,2026-08-11 11:38:21
1956,6,-1.980,2026-08-11 11:38:21
1956,7,-1.480,2026-08-11 11:38:21
1956,8,-1.000,2026-08-11 11:38:21
1956,9,-0.280,2026-08-11 11:38:21
1956,10,-1.660,2026-08-11 11:38:21
1956,11,-2.440,2026-08-11 11:38:21
1956,12,-1.270,2026-08-11 11:38:21
1957,1,-1.310,2026-08-11 11:38:21
1957,2,-1.570,2026-08-11 11:38:21
1957,3,-0.830,2026-08-11 11:38:21
1957,4,-0.810,2026-08-11 11:38:21
1957,5,-0.020,2026-08-11 11:38:21
1957,6,1.530,2026-08-11 11:38:21
1957,7,0.590,2026-08-11 11:38:21
1957,8,0.340,2026-08-11 11:38:21
1957,9,1.840,2026-08-11 11:38:21
1957,10,1.720,2026-08-11 11:38:21
1957,11,1.540,2026-08-11 11:38:21
1957,12,0.460,2026-08-11 11:38:21
1958,1,0.830,2026-08-11 11:38:21
1958,2,0.940,2026-08-11 11:38:21
1958,3,0.620,2026-08-11 11:38:21
1958,4,0.560,2026-08-11 11:38:21
1958,5,1.460,2026-08-11 11:38:21
1958,6,1.820,2026-08-11 11:38:21
1958,7,0.610,2026-08-11 11:38:21
1958,8,1.060,2026-08-11 11:38:21
1958,9,0.770,2026-08-11 11:38:21
1958,10,0.280,2026-08-11 11:38:21
1958,11,0.280,2026-08-11 11:38:21
1958,12,1.140,2026-08-11 11:38:21
1959,1,1.040,2026-08-11 11:38:21
1959,2,0.350,2026-08-11 11:38:21
1959,3,-0.140,2026-08-11 11:38:21
1959,4,-0.160,2026-08-11 11:38:21
1959,5,-0.130,2026-08-11 11:38:21
1959,6,0.230,2026-08-11 11:38:21
1959,7,-0.420,2026-08-11 11:38:21
1959,8,-0.310,2026-08-11 11:38:21
1959,9,-0.530,2026-08-11 11:38:21
1959,10,0.960,2026-08-11 11:38:21
1959,11,1.380,2026-08-11 11:38:21
1959,12,1.020,2026-08-11 11:38:21
1960,1,0.240,2026-08-11 11:38:21
1960,2,0.610,2026-08-11 11:38:21
1960,3,0.230,2026-08-11 11:38:21
1960,4,0.210,2026-08-11 11:38:21
1960,5,0.350,2026-08-11 11:38:21
1960,6,1.200,2026-08-11 11:38:21
1960,7,-0.420,2026-08-11 11:38:21
1960,8,-0.310,2026-08-11 11:38:21
1960,9,-0.960,2026-08-11 11:38:21
1960,10,-0.340,2026-08-11 11:38:21
1960,11,-0.340,2026-08-11 11:38:21
1960,12,0.000,2026-08-11 11:38:21
1961,1,0.890,2026-08-11 11:38:21
1961,2,0.920,2026-08-11 11:38:21
1961,3,0.640,2026-08-11 11:38:21
1961,4,0.280,2026-08-11 11:38:21
1961,5,-0.540,2026-08-11 11:38:21
1961,6,-0.700,2026-08-11 11:38:21
1961,7,-1.230,2026-08-11 11:38:21
1961,8,-0.870,2026-08-11 11:38:21
1961,9,-1.340,2026-08-11 11:38:21
1961,10,-1.780,2026-08-11 11:38:21
1961,11,-1.430,2026-08-11 11:38:21
1961,12,-1.730,2026-08-11 11:38:21
1962,1,-1.000,2026-08-11 11:38:21
1962,2,-0.870,2026-08-11 11:38:21
1962,3,-1.060,2026-08-11 11:38:21
1962,4,-0.950,2026-08-11 11:38:21
1962,5,-1.300,2026-08-11 11:38:21
1962,6,-1.710,2026-08-11 11:38:21
1962,7,-1.830,2026-08-11 11:38:21
1962,8,-0.660,2026-08-11 11:38:21
1962,9,-1.470,2026-08-11 11:38:21
1962,10,-1.760,2026-08-11 11:38:21
1962,11,-0.380,2026-08-11 11:38:21
1962,12,-0.230,2026-08-11 11:38:21
1963,1,0.120,2026-08-11 11:38:21
1963,2,0.150,2026-08-11 11:38:21
1963,3,-0.280,2026-08-11 11:38:21
1963,4,-0.270,2026-08-11 11:38:21
1963,5,-1.260,2026-08-11 11:38:21
1963,6,-0.600,2026-08-11 11:38:21
1963,7,-1.110,2026-08-11 11:38:21
1963,8,-1.010,2026-08-11 11:38:21
1963,9,1.080,2026-08-11 11:38:21
1963,10,0.340,2026-08-11 11:38:21
1963,11,-0.500,2026-08-11 11:38:21
1963,12,0.450,2026-08-11 11:38:21
1964,1,0.340,2026-08-11 11:38:21
1964,2,0.210,2026-08-11 11:38:21
1964,3,-0.710,2026-08-11 11:38:21
1964,4,-1.270,2026-08-11 11:38:21
1964,5,-2.390,2026-08-11 11:38:21
1964,6,-0.860,2026-08-11 11:38:21
1964,7,-1.080,2026-08-11 11:38:21
1964,8,-1.600,2026-08-11 11:38:21
1964,9,-1.350,2026-08-11 11:38:21
1964,10,-0.640,2026-08-11 11:38:21
1964,11,-0.680,2026-08-11 11:38:21
1964,12,-0.620,2026-08-11 11:38:21
1965,1,-0.950,2026-08-11 11:38:21
1965,2,-0.610,2026-08-11 11:38:21
1965,3,-0.170,2026-08-11 11:38:21
1965,4,-0.010,2026-08-11 11:38:21
1965,5,-0.660,2026-08-11 11:38:21
1965,6,-0.760,2026-08-11 11:38:21
1965,7,-0.740,2026-08-11 11:38:21
1965,8,0.320,2026-08-11 11:38:21
1965,9,0.830,2026-08-11 11:38:21
1965,10,0.300,2026-08-11 11:38:21
1965,11,0.470,2026-08-11 11:38:21
1965,12,0.250,2026-08-11 11:38:21
1966,1,-0.670,2026-08-11 11:38:21
1966,2,-0.430,2026-08-11 11:38:21
1966,3,-1.000,2026-08-11 11:38:21
1966,4,-0.370,2026-08-11 11:38:21
1966,5,-0.760,2026-08-11 11:38:21
1966,6,0.100,2026-08-11 11:38:21
1966,7,0.010,2026-08-11 11:38:21
1966,8,-0.290,2026-08-11 11:38:21
1966,9,-0.350,2026-08-11 11:38:21
1966,10,-0.600,2026-08-11 11:38:21
1966,11,-0.710,2026-08-11 11:38:21
1966,12,-0.210,2026-08-11 11:38:21
1967,1,-0.240,2026-08-11 11:38:21
1967,2,-0.250,2026-08-11 11:38:21
1967,3,-0.800,2026-08-11 11:38:21
1967,4,-1.130,2026-08-11 11:38:21
1967,5,-1.540,2026-08-11 11:38:21
1967,6,-1.200,2026-08-11 11:38:21
1967,7,-1.210,2026-08-11 11:38:21
1967,8,-1.550,2026-08-11 11:38:21
1967,9,-0.600,2026-08-11 11:38:21
1967,10,-0.060,2026-08-11 11:38:21
1967,11,0.360,2026-08-11 11:38:21
1967,12,-0.680,2026-08-11 11:38:21
1968,1,-0.650,2026-08-11 11:38:21
1968,2,-0.190,2026-08-11 11:38:21
1968,3,0.080,2026-08-11 11:38:21
1968,4,-0.690,2026-08-11 11:38:21
1968,5,-0.790,2026-08-11 11:38:21
1968,6,0.140,2026-08-11 11:38:21
1968,7,0.440,2026-08-11 11:38:21
1968,8,-0.010,2026-08-11 11:38:21
1968,9,0.260,2026-08-11 11:38:21
1968,10,-0.180,2026-08-11 11:38:21
1968,11,0.030,2026-08-11 11:38:21
1968,12,-0.290,2026-08-11 11:38:21
1969,1,-0.710,2026-08-11 11:38:21
1969,2,-1.220,2026-08-11 11:38:21
1969,3,-1.210,2026-08-11 11:38:21
1969,4,-1.070,2026-08-11 11:38:21
1969,5,-1.060,2026-08-11 11:38:21
1969,6,0.840,2026-08-11 11:38:21
1969,7,-0.370,2026-08-11 11:38:21
1969,8,-0.920,2026-08-11 11:38:21
1969,9,-1.070,2026-08-11 11:38:21
1969,10,0.950,2026-08-11 11:38:21
1969,11,0.580,2026-08-11 11:38:21
1969,12,1.130,2026-08-11 11:38:21
1970,1,1.060,2026-08-11 11:38:21
1970,2,1.010,2026-08-11 11:38:21
1970,3,1.200,2026-08-11 11:38:21
1970,4,0.310,2026-08-11 11:38:21
1970,5,-0.890,2026-08-11 11:38:21
1970,6,-0.120,2026-08-11 11:38:21
1970,7,-0.920,2026-08-11 11:38:21
1970,8,-1.790,2026-08-11 11:38:21
1970,9,-1.680,2026-08-11 11:38:21
1970,10,-1.200,2026-08-11 11:38:21
1970,11,-0.920,2026-08-11 11:38:21
1970,12,-0.910,2026-08-11 11:38:21
1971,1,-1.340,2026-08-11 11:38:21
1971,2,-1.450,2026-08-11 11:38:21
1971,3,-1.550,2026-08-11 11:38:21
1971,4,-1.700,2026-08-11 11:38:21
1971,5,-1.750,2026-08-11 11:38:21
1971,6,-1.860,2026-08-11 11:38:21
1971,7,-2.250,2026-08-11 11:38:21
1971,8,-0.320,2026-08-11 11:38:21
1971,9,-0.170,2026-08-11 11:38:21
1971,10,-0.350,2026-08-11 11:38:21
1971,11,-1.280,2026-08-11 11:38:21
1971,12,-1.770,2026-08-11 11:38:21
1972,1,-2.120,2026-08-11 11:38:21
1972,2,-1.950,2026-08-11 11:38:21
1972,3,-1.530,2026-08-11 11:38:21
1972,4,-1.700,2026-08-11 11:38:21
1972,5,-2.160,2026-08-11 11:38:21
1972,6,-1.840,2026-08-11 11:38:21
1972,7,-1.480,2026-08-11 11:38:21
1972,8,-0.110,2026-08-11 11:38:21
1972,9,-0.200,2026-08-11 11:38:21
1972,10,-0.220,2026-08-11 11:38:21
1972,11,-0.050,2026-08-11 11:38:21
1972,12,-0.370,2026-08-11 11:38:21
1973,1,-0.150,2026-08-11 11:38:21
1973,2,-0.550,2026-08-11 11:38:21
1973,3,-0.880,2026-08-11 11:38:21
1973,4,-1.350,2026-08-11 11:38:21
1973,5,-1.590,2026-08-11 11:38:21
1973,6,-1.440,2026-08-11 11:38:21
1973,7,-1.400,2026-08-11 11:38:21
1973,8,-1.560,2026-08-11 11:38:21
1973,9,-1.050,2026-08-11 11:38:21
1973,10,-1.360,2026-08-11 11:38:21
1973,11,-1.420,2026-08-11 11:38:21
1973,12,-0.890,2026-08-11 11:38:21
1974,1,-0.860,2026-08-11 11:38:21
1974,2,-1.380,2026-08-11 11:38:21
1974,3,-1.210,2026-08-11 11:38:21
1974,4,-0.620,2026-08-11 11:38:21
1974,5,-0.720,2026-08-11 11:38:21
1974,6,-0.370,2026-08-11 11:38:21
1974,7,0.020,2026-08-11 11:38:21
1974,8,-0.270,2026-08-11 11:38:21
1974,9,0.710,2026-08-11 11:38:21
1974,10,0.190,2026-08-11 11:38:21
1974,11,0.610,2026-08-11 11:38:21
1974,12,0.270,2026-08-11 11:38:21
1975,1,-0.650,2026-08-11 11:38:21
1975,2,-0.930,2026-08-11 11:38:21
1975,3,-1.070,2026-08-11 11:38:21
1975,4,-1.790,2026-08-11 11:38:21
1975,5,-2.080,2026-08-11 11:38:21
1975,6,-1.610,2026-08-11 11:38:21
1975,7,-0.840,2026-08-11 11:38:21
1975,8,-1.560,2026-08-11 11:38:21
1975,9,-1.600,2026-08-11 11:38:21
1975,10,-1.590,2026-08-11 11:38:21
1975,11,-1.730,2026-08-11 11:38:21
1975,12,-1.490,2026-08-11 11:38:21
1976,1,-1.080,2026-08-11 11:38:21
1976,2,-1.010,2026-08-11 11:38:21
1976,3,-1.310,2026-08-11 11:38:21
1976,4,-1.380,2026-08-11 11:38:21
1976,5,-1.230,2026-08-11 11:38:21
1976,6,-1.260,2026-08-11 11:38:21
1976,7,0.280,2026-08-11 11:38:21
1976,8,0.970,2026-08-11 11:38:21
1976,9,0.580,2026-08-11 11:38:21
1976,10,1.120,2026-08-11 11:38:21
1976,11,1.330,2026-08-11 11:38:21
1976,12,1.200,2026-08-11 11:38:21
1977,1,1.240,2026-08-11 11:38:21
1977,2,1.510,2026-08-11 11:38:21
1977,3,0.620,2026-08-11 11:38:21
1977,4,-0.250,2026-08-11 11:38:21
1977,5,-0.470,2026-08-11 11:38:21
1977,6,0.030,2026-08-11 11:38:21
1977,7,-0.060,2026-08-11 11:38:21
1977,8,-0.090,2026-08-11 11:38:21
1977,9,-0.640,2026-08-11 11:38:21
1977,10,-0.840,2026-08-11 11:38:21
1977,11,-0.450,2026-08-11 11:38:21
1977,12,-0.060,2026-08-11 11:38:21
1978,1,0.580,2026-08-11 11:38:21
1978,2,0.780,2026-08-11 11:38:21
1978,3,1.130,2026-08-11 11:38:21
1978,4,1.030,2026-08-11 11:38:21
1978,5,0.770,2026-08-11 11:38:21
1978,6,0.330,2026-08-11 11:38:21
1978,7,-1.620,2026-08-11 11:38:21
1978,8,-0.910,2026-08-11 11:38:21
1978,9,-0.780,2026-08-11 11:38:21
1978,10,0.070,2026-08-11 11:38:21
1978,11,-0.010,2026-08-11 11:38:21
1978,12,-0.510,2026-08-11 11:38:21
1979,1,-0.380,2026-08-11 11:38:21
1979,2,-1.290,2026-08-11 11:38:21
1979,3,-0.680,2026-08-11 11:38:21
1979,4,-0.120,2026-08-11 11:38:21
1979,5,0.570,2026-08-11 11:38:21
1979,6,0.220,2026-08-11 11:38:21
1979,7,0.300,2026-08-11 11:38:21
1979,8,0.050,2026-08-11 11:38:21
1979,9,0.880,2026-08-11 11:38:21
1979,10,1.100,2026-08-11 11:38:21
1979,11,0.580,2026-08-11 11:38:21
1979,12,0.060,2026-08-11 11:38:21
1980,1,0.060,2026-08-11 11:38:21
1980,2,0.580,2026-08-11 11:38:21
1980,3,0.620,2026-08-11 11:38:21
1980,4,0.780,2026-08-11 11:38:21
1980,5,0.640,2026-08-11 11:38:21
1980,6,-0.720,2026-08-11 11:38:21
1980,7,-0.210,2026-08-11 11:38:21
1980,8,0.080,2026-08-11 11:38:21
1980,9,-0.130,2026-08-11 11:38:21
1980,10,0.990,2026-08-11 11:38:21
1980,11,0.710,2026-08-11 11:38:21
1980,12,0.300,2026-08-11 11:38:21
1981,1,1.180,2026-08-11 11:38:21
1981,2,1.240,2026-08-11 11:38:21
1981,3,1.220,2026-08-11 11:38:21
1981,4,1.070,2026-08-11 11:38:21
1981,5,1.290,2026-08-11 11:38:21
1981,6,1.820,2026-08-11 11:38:21
1981,7,0.820,2026-08-11 11:38:21
1981,8,-0.050,2026-08-11 11:38:21
1981,9,0.430,2026-08-11 11:38:21
1981,10,-0.090,2026-08-11 11:38:21
1981,11,0.540,2026-08-11 11:38:21
1981,12,0.590,2026-08-11 11:38:21
1982,1,0.110,2026-08-11 11:38:21
1982,2,-0.190,2026-08-11 11:38:21
1982,3,-0.370,2026-08-11 11:38:21
1982,4,-0.700,2026-08-11 11:38:21
1982,5,-1.210,2026-08-11 11:38:21
1982,6,-0.990,2026-08-11 11:38:21
1982,7,0.120,2026-08-11 11:38:21
1982,8,-0.080,2026-08-11 11:38:21
1982,9,0.510,2026-08-11 11:38:21
1982,10,0.150,2026-08-11 11:38:21
1982,11,-0.600,2026-08-11 11:38:21
1982,12,0.160,2026-08-11 11:38:21
1983,1,0.400,2026-08-11 11:38:21
1983,2,0.970,2026-08-11 11:38:21
1983,3,1.730,2026-08-11 11:38:21
1983,4,1.260,2026-08-11 11:38:21
1983,5,1.010,2026-08-11 11:38:21
1983,6,1.900,2026-08-11 11:38:21
1983,7,2.470,2026-08-11 11:38:21
1983,8,1.180,2026-08-11 11:38:21
1983,9,0.470,2026-08-11 11:38:21
1983,10,0.680,2026-08-11 11:38:21
1983,11,1.190,2026-08-11 11:38:21
1983,12,1.720,2026-08-11 11:38:21
1984,1,1.420,2026-08-11 11:38:21
1984,2,1.230,2026-08-11 11:38:21
1984,3,1.560,2026-08-11 11:38:21
1984,4,1.000,2026-08-11 11:38:21
1984,5,0.870,2026-08-11 11:38:21
1984,6,-0.130,2026-08-11 11:38:21
1984,7,-0.350,2026-08-11 11:38:21
1984,8,0.010,2026-08-11 11:38:21
1984,9,0.180,2026-08-11 11:38:21
1984,10,0.430,2026-08-11 11:38:21
1984,11,0.540,2026-08-11 11:38:21
1984,12,0.480,2026-08-11 11:38:21
1985,1,0.870,2026-08-11 11:38:21
1985,2,0.480,2026-08-11 11:38:21
1985,3,-0.340,2026-08-11 11:38:21
1985,4,-0.520,2026-08-11 11:38:21
1985,5,-0.870,2026-08-11 11:38:21
1985,6,0.040,2026-08-11 11:38:21
1985,7,0.520,2026-08-11 11:38:21
1985,8,0.190,2026-08-11 11:38:21
1985,9,0.130,2026-08-11 11:38:21
1985,10,0.140,2026-08-11 11:38:21
1985,11,-0.650,2026-08-11 11:38:21
1985,12,0.330,2026-08-11 11:38:21
1986,1,1.040,2026-08-11 11:38:21
1986,2,1.470,2026-08-11 11:38:21
1986,3,1.680,2026-08-11 11:38:21
1986,4,1.210,2026-08-11 11:38:21
1986,5,0.850,2026-08-11 11:38:21
1986,6,0.620,2026-08-11 11:38:21
1986,7,1.050,2026-08-11 11:38:21
1986,8,-0.190,2026-08-11 11:38:21
1986,9,-0.030,2026-08-11 11:38:21
1986,10,1.000,2026-08-11 11:38:21
1986,11,1.680,2026-08-11 11:38:21
1986,12,1.710,2026-08-11 11:38:21
1987,1,1.470,2026-08-11 11:38:21
1987,2,1.460,2026-08-11 11:38:21
1987,3,1.350,2026-08-11 11:38:21
1987,4,1.380,2026-08-11 11:38:21
1987,5,0.820,2026-08-11 11:38:21
1987,6,0.050,2026-08-11 11:38:21
1987,7,1.380,2026-08-11 11:38:21
1987,8,1.740,2026-08-11 11:38:21
1987,9,1.440,2026-08-11 11:38:21
1987,10,0.680,2026-08-11 11:38:21
1987,11,0.930,2026-08-11 11:38:21
1987,12,0.940,2026-08-11 11:38:21
1988,1,0.230,2026-08-11 11:38:21
1988,2,0.470,2026-08-11 11:38:21
1988,3,0.490,2026-08-11 11:38:21
1988,4,0.340,2026-08-11 11:38:21
1988,5,0.370,2026-08-11 11:38:21
1988,6,0.210,2026-08-11 11:38:21
1988,7,-0.150,2026-08-11 11:38:21
1988,8,-0.880,2026-08-11 11:38:21
1988,9,-0.980,2026-08-11 11:38:21
1988,10,-0.360,2026-08-11 11:38:21
1988,11,-0.060,2026-08-11 11:38:21
1988,12,-0.140,2026-08-11 11:38:21
1989,1,-1.240,2026-08-11 11:38:21
1989,2,-1.450,2026-08-11 11:38:21
1989,3,-1.240,2026-08-11 11:38:21
1989,4,-0.320,2026-08-11 11:38:21
1989,5,-0.090,2026-08-11 11:38:21
1989,6,0.110,2026-08-11 11:38:21
1989,7,0.560,2026-08-11 11:38:21
1989,8,-0.440,2026-08-11 11:38:21
1989,9,-0.570,2026-08-11 11:38:21
1989,10,-0.510,2026-08-11 11:38:21
1989,11,-0.760,2026-08-11 11:38:21
1989,12,-0.100,2026-08-11 11:38:21
1990,1,-0.420,2026-08-11 11:38:21
1990,2,-1.280,2026-08-11 11:38:21
1990,3,-1.240,2026-08-11 11:38:21
1990,4,-0.150,2026-08-11 11:38:21
1990,5,-0.320,2026-08-11 11:38:21
1990,6,-0.250,2026-08-11 11:38:21
1990,7,-0.310,2026-08-11 11:38:21
1990,8,-0.430,2026-08-11 11:38:21
1990,9,-0.260,2026-08-11 11:38:21
1990,10,-1.160,2026-08-11 11:38:21
1990,11,-1.880,2026-08-11 11:38:21
1990,12,-2.220,2026-08-11 11:38:21
1991,1,-1.800,2026-08-11 11:38:21
1991,2,-1.090,2026-08-11 11:38:21
1991,3,-1.110,2026-08-11 11:38:21
1991,4,-1.630,2026-08-11 11:38:21
1991,5,-1.650,2026-08-11 11:38:21
1991,6,-2.250,2026-08-11 11:38:21
1991,7,-1.570,2026-08-11 11:38:21
1991,8,-0.580,2026-08-11 11:38:21
1991,9,0.370,2026-08-11 11:38:21
1991,10,0.410,2026-08-11 11:38:21
1991,11,0.560,2026-08-11 11:38:21
1991,12,-0.210,2026-08-11 11:38:21
1992,1,0.080,2026-08-11 11:38:21
1992,2,0.170,2026-08-11 11:38:21
1992,3,0.120,2026-08-11 11:38:21
1992,4,0.550,2026-08-11 11:38:21
1992,5,1.260,2026-08-11 11:38:21
1992,6,1.220,2026-08-11 11:38:21
1992,7,1.500,2026-08-11 11:38:21
1992,8,0.850,2026-08-11 11:38:21
1992,9,0.450,2026-08-11 11:38:21
1992,10,1.280,2026-08-11 11:38:21
1992,11,1.310,2026-08-11 11:38:21
1992,12,0.330,2026-08-11 11:38:21
1993,1,-0.280,2026-08-11 11:38:21
1993,2,0.020,2026-08-11 11:38:21
1993,3,0.240,2026-08-11 11:38:21
1993,4,1.000,2026-08-11 11:38:21
1993,5,1.790,2026-08-11 11:38:21
1993,6,2.050,2026-08-11 11:38:21
1993,7,1.480,2026-08-11 11:38:21
1993,8,1.960,2026-08-11 11:38:21
1993,9,1.150,2026-08-11 11:38:21
1993,10,1.310,2026-08-11 11:38:21
1993,11,1.130,2026-08-11 11:38:21
1993,12,0.670,2026-08-11 11:38:21
1994,1,0.850,2026-08-11 11:38:21
1994,2,0.330,2026-08-11 11:38:21
1994,3,0.270,2026-08-11 11:38:21
1994,4,0.490,2026-08-11 11:38:21
1994,5,0.550,2026-08-11 11:38:21
1994,6,0.100,2026-08-11 11:38:21
1994,7,-0.910,2026-08-11 11:38:21
1994,8,-0.880,2026-08-11 11:38:21
1994,9,-1.510,2026-08-11 11:38:21
1994,10,-1.060,2026-08-11 11:38:21
1994,11,-1.930,2026-08-11 11:38:21
1994,12,-2.220,2026-08-11 11:38:21
1995,1,-0.860,2026-08-11 11:38:21
1995,2,0.020,2026-08-11 11:38:21
1995,3,0.460,2026-08-11 11:38:21
1995,4,0.490,2026-08-11 11:38:21
1995,5,0.890,2026-08-11 11:38:21
1995,6,1.030,2026-08-11 11:38:21
1995,7,1.000,2026-08-11 11:38:21
1995,8,-0.110,2026-08-11 11:38:21
1995,9,1.220,2026-08-11 11:38:21
1995,10,0.640,2026-08-11 11:38:21
1995,11,0.050,2026-08-11 11:38:21
1995,12,0.440,2026-08-11 11:38:21
1996,1,1.010,2026-08-11 11:38:21
1996,2,1.010,2026-08-11 11:38:21
1996,3,0.850,2026-08-11 11:38:21
1996,4,1.370,2026-08-11 11:38:21
1996,5,2.130,2026-08-11 11:38:21
1996,6,1.100,2026-08-11 11:38:21
1996,7,0.570,2026-08-11 11:38:21
1996,8,-0.660,2026-08-11 11:38:21
1996,9,0.070,2026-08-11 11:38:21
1996,10,0.400,2026-08-11 11:38:21
1996,11,0.380,2026-08-11 11:38:21
1996,12,-0.030,2026-08-11 11:38:21
1997,1,0.440,2026-08-11 11:38:21
1997,2,0.290,2026-08-11 11:38:21
1997,3,0.390,2026-08-11 11:38:21
1997,4,0.730,2026-08-11 11:38:21
1997,5,1.590,2026-08-11 11:38:21
1997,6,2.550,2026-08-11 11:38:21
1997,7,1.490,2026-08-11 11:38:21
1997,8,2.270,2026-08-11 11:38:21
1997,9,1.800,2026-08-11 11:38:21
1997,10,1.780,2026-08-11 11:38:21
1997,11,1.480,2026-08-11 11:38:21
1997,12,0.990,2026-08-11 11:38:21
1998,1,1.050,2026-08-11 11:38:21
1998,2,1.520,2026-08-11 11:38:21
1998,3,1.290,2026-08-11 11:38:21
1998,4,0.030,2026-08-11 11:38:21
1998,5,-0.830,2026-08-11 11:38:21
1998,6,-0.780,2026-08-11 11:38:21
1998,7,-1.160,2026-08-11 11:38:21
1998,8,-0.870,2026-08-11 11:38:21
1998,9,-1.700,2026-08-11 11:38:21
1998,10,-2.230,2026-08-11 11:38:21
1998,11,-0.970,2026-08-11 11:38:21
1998,12,-1.090,2026-08-11 11:38:21
1999,1,-0.780,2026-08-11 11:38:21
1999,2,-1.060,2026-08-11 11:38:21
1999,3,-1.180,2026-08-11 11:38:21
1999,4,-1.850,2026-08-11 11:38:21
1999,5,-2.320,2026-08-11 11:38:21
1999,6,-2.340,2026-08-11 11:38:21
1999,7,-1.870,2026-08-11 11:38:21
1999,8,-1.840,2026-08-11 11:38:21
1999,9,-2.240,2026-08-11 11:38:21
1999,10,-2.540,2026-08-11 11:38:21
1999,11,-2.180,2026-08-11 11:38:21
1999,12,-1.920,2026-08-11 11:38:21
2000,1,-2.200,2026-08-11 11:38:21
2000,2,-1.280,2026-08-11 11:38:21
2000,3,-0.660,2026-08-11 11:38:21
2000,4,-0.630,2026-08-11 11:38:21
2000,5,-0.810,2026-08-11 11:38:21
2000,6,-0.640,2026-08-11 11:38:21
2000,7,-1.510,2026-08-11 11:38:21
2000,8,-1.680,2026-08-11 11:38:21
2000,9,-1.450,2026-08-11 11:38:21
2000,10,-1.610,2026-08-11 11:38:21
2000,11,-1.040,2026-08-11 11:38:21
2000,12,0.000,2026-08-11 11:38:21
2001,1,0.480,2026-08-11 11:38:21
2001,2,-0.010,2026-08-11 11:38:21
2001,3,-0.410,2026-08-11 11:38:21
2001,4,-1.180,2026-08-11 11:38:21
2001,5,-1.120,2026-08-11 11:38:21
2001,6,-1.220,2026-08-11 11:38:21
2001,7,-2.210,2026-08-11 11:38:21
2001,8,-1.680,2026-08-11 11:38:21
2001,9,-1.980,2026-08-11 11:38:21
2001,10,-1.910,2026-08-11 11:38:21
2001,11,-1.250,2026-08-11 11:38:21
2001,12,-1.120,2026-08-11 11:38:21
2002,1,-0.420,2026-08-11 11:38:21
2002,2,-1.510,2026-08-11 11:38:21
2002,3,-1.270,2026-08-11 11:38:21
2002,4,-1.230,2026-08-11 11:38:21
2002,5,-1.300,2026-08-11 11:38:21
2002,6,-1.180,2026-08-11 11:38:21
2002,7,-0.710,2026-08-11 11:38:21
2002,8,0.110,2026-08-11 11:38:21
2002,9,-0.210,2026-08-11 11:38:21
2002,10,-0.200,2026-08-11 11:38:21
2002,11,1.080,2026-08-11 11:38:21
2002,12,1.570,2026-08-11 11:38:21
2003,1,1.450,2026-08-11 11:38:21
2003,2,1.230,2026-08-11 11:38:21
2003,3,1.010,2026-08-11 11:38:21
2003,4,0.360,2026-08-11 11:38:21
2003,5,0.210,2026-08-11 11:38:21
2003,6,-0.420,2026-08-11 11:38:21
2003,7,0.370,2026-08-11 11:38:21
2003,8,0.630,2026-08-11 11:38:21
2003,9,-0.170,2026-08-11 11:38:21
2003,10,0.740,2026-08-11 11:38:21
2003,11,-0.230,2026-08-11 11:38:21
2003,12,-0.600,2026-08-11 11:38:21
2004,1,-0.550,2026-08-11 11:38:21
2004,2,-0.210,2026-08-11 11:38:21
2004,3,-0.150,2026-08-11 11:38:21
2004,4,-0.000,2026-08-11 11:38:21
2004,5,0.610,2026-08-11 11:38:21
2004,6,-0.110,2026-08-11 11:38:21
2004,7,0.040,2026-08-11 11:38:21
2004,8,0.240,2026-08-11 11:38:21
2004,9,0.020,2026-08-11 11:38:21
2004,10,-0.720,2026-08-11 11:38:21
2004,11,-1.220,2026-08-11 11:38:21
2004,12,-0.640,2026-08-11 11:38:21
2005,1,-0.150,2026-08-11 11:38:21
2005,2,-0.010,2026-08-11 11:38:21
2005,3,0.700,2026-08-11 11:38:21
2005,4,0.280,2026-08-11 11:38:21
2005,5,1.360,2026-08-11 11:38:21
2005,6,0.850,2026-08-11 11:38:21
2005,7,0.110,2026-08-11 11:38:21
2005,8,-0.420,2026-08-11 11:38:21
2005,9,-0.990,2026-08-11 11:38:21
2005,10,-2.000,2026-08-11 11:38:21
2005,11,-1.890,2026-08-11 11:38:21
2005,12,-0.100,2026-08-11 11:38:21
2006,1,0.540,2026-08-11 11:38:21
2006,2,0.380,2026-08-11 11:38:21
2006,3,-0.740,2026-08-11 11:38:21
2006,4,-0.540,2026-08-11 11:38:21
2006,5,-0.370,2026-08-11 11:38:21
2006,6,0.210,2026-08-11 11:38:21
2006,7,0.390,2026-08-11 11:38:21
2006,8,-0.850,2026-08-11 11:38:21
2006,9,-1.540,2026-08-11 11:38:21
2006,10,-0.460,2026-08-11 11:38:21
2006,11,-0.810,2026-08-11 11:38:21
2006,12,-0.420,2026-08-11 11:38:21
2007,1,-0.690,2026-08-11 11:38:21
2007,2,-0.710,2026-08-11 11:38:21
2007,3,-1.100,2026-08-11 11:38:21
2007,4,-0.460,2026-08-11 11:38:21
2007,5,-0.290,2026-08-11 11:38:21
2007,6,-0.070,2026-08-11 11:38:21
2007,7,0.430,2026-08-11 11:38:21
2007,8,0.090,2026-08-11 11:38:21
2007,9,-0.970,2026-08-11 11:38:21
2007,10,-2.330,2026-08-11 11:38:21
2007,11,-1.460,2026-08-11 11:38:21
2007,12,-0.870,2026-08-11 11:38:21
2008,1,-1.500,2026-08-11 11:38:21
2008,2,-1.460,2026-08-11 11:38:21
2008,3,-1.260,2026-08-11 11:38:21
2008,4,-1.790,2026-08-11 11:38:21
2008,5,-1.620,2026-08-11 11:38:21
2008,6,-1.850,2026-08-11 11:38:21
2008,7,-1.960,2026-08-11 11:38:21
2008,8,-1.850,2026-08-11 11:38:21
2008,9,-1.870,2026-08-11 11:38:21
2008,10,-1.900,2026-08-11 11:38:21
2008,11,-1.590,2026-08-11 11:38:21
2008,12,-1.310,2026-08-11 11:38:21
2009,1,-1.810,2026-08-11 11:38:21
2009,2,-1.780,2026-08-11 11:38:21
2009,3,-2.060,2026-08-11 11:38:21
2009,4,-2.230,2026-08-11 11:38:21
2009,5,-1.320,2026-08-11 11:38:21
2009,6,-0.730,2026-08-11 11:38:21
2009,7,-0.710,2026-08-11 11:38:21
2009,8,-0.490,2026-08-11 11:38:21
2009,9,0.330,2026-08-11 11:38:21
2009,10,-0.130,2026-08-11 11:38:21
2009,11,-0.940,2026-08-11 11:38:21
2009,12,-0.510,2026-08-11 11:38:21
2010,1,0.050,2026-08-11 11:38:21
2010,2,0.250,2026-08-11 11:38:21
2010,3,-0.160,2026-08-11 11:38:21
2010,4,-0.040,2026-08-11 11:38:21
2010,5,-0.180,2026-08-11 11:38:21
2010,6,-0.790,2026-08-11 11:38:21
2010,7,-1.990,2026-08-11 11:38:21
2010,8,-2.210,2026-08-11 11:38:21
2010,9,-2.450,2026-08-11 11:38:21
2010,10,-1.600,2026-08-11 11:38:21
2010,11,-1.570,2026-08-11 11:38:21
2010,12,-2.040,2026-08-11 11:38:21
2011,1,-1.800,2026-08-11 11:38:21
2011,2,-1.460,2026-08-11 11:38:21
2011,3,-1.280,2026-08-11 11:38:21
2011,4,-1.020,2026-08-11 11:38:21
2011,5,-0.660,2026-08-11 11:38:21
2011,6,-1.080,2026-08-11 11:38:21
2011,7,-2.300,2026-08-11 11:38:21
2011,8,-2.370,2026-08-11 11:38:21
2011,9,-2.500,2026-08-11 11:38:21
2011,10,-1.920,2026-08-11 11:38:21
2011,11,-2.950,2026-08-11 11:38:21
2011,12,-2.400,2026-08-11 11:38:21
2012,1,-1.850,2026-08-11 11:38:21
2012,2,-1.350,2026-08-11 11:38:21
2012,3,-1.660,2026-08-11 11:38:21
2012,4,-1.010,2026-08-11 11:38:21
2012,5,-2.120,2026-08-11 11:38:21
2012,6,-1.630,2026-08-11 11:38:21
2012,7,-2.400,2026-08-11 11:38:21
2012,8,-2.600,2026-08-11 11:38:21
2012,9,-2.990,2026-08-11 11:38:21
2012,10,-1.220,2026-08-11 11:38:21
2012,11,-0.660,2026-08-11 11:38:21
2012,12,-1.310,2026-08-11 11:38:21
2013,1,-1.100,2026-08-11 11:38:21
2013,2,-1.420,2026-08-11 11:38:21
2013,3,-1.480,2026-08-11 11:38:21
2013,4,-0.720,2026-08-11 11:38:21
2013,5,-0.400,2026-08-11 11:38:21
2013,6,-1.190,2026-08-11 11:38:21
2013,7,-1.340,2026-08-11 11:38:21
2013,8,-1.560,2026-08-11 11:38:21
2013,9,-1.000,2026-08-11 11:38:21
2013,10,-1.650,2026-08-11 11:38:21
2013,11,-1.090,2026-08-11 11:38:21
2013,12,-1.040,2026-08-11 11:38:21
2014,1,-0.570,2026-08-11 11:38:21
2014,2,-0.420,2026-08-11 11:38:21
2014,3,0.300,2026-08-11 11:38:21
2014,4,0.360,2026-08-11 11:38:21
2014,5,1.270,2026-08-11 11:38:21
2014,6,-0.280,2026-08-11 11:38:21
2014,7,0.250,2026-08-11 11:38:21
2014,8,0.340,2026-08-11 11:38:21
2014,9,0.760,2026-08-11 11:38:21
2014,10,1.430,2026-08-11 11:38:21
2014,11,1.350,2026-08-11 11:38:21
2014,12,1.860,2026-08-11 11:38:21
2015,1,1.510,2026-08-11 11:38:21
2015,2,1.520,2026-08-11 11:38:21
2015,3,1.330,2026-08-11 11:38:21
2015,4,0.900,2026-08-11 11:38:21
2015,5,0.320,2026-08-11 11:38:21
2015,6,0.820,2026-08-11 11:38:21
2015,7,1.410,2026-08-11 11:38:21
2015,8,0.980,2026-08-11 11:38:21
2015,9,0.970,2026-08-11 11:38:21
2015,10,0.840,2026-08-11 11:38:21
2015,11,0.170,2026-08-11 11:38:21
2015,12,0.290,2026-08-11 11:38:21
2016,1,0.750,2026-08-11 11:38:21
2016,2,1.290,2026-08-11 11:38:21
2016,3,1.560,2026-08-11 11:38:21
2016,4,1.740,2026-08-11 11:38:21
2016,5,1.600,2026-08-11 11:38:21
2016,6,0.870,2026-08-11 11:38:21
2016,7,0.570,2026-08-11 11:38:21
2016,8,-0.630,2026-08-11 11:38:21
2016,9,-0.800,2026-08-11 11:38:21
2016,10,-0.430,2026-08-11 11:38:21
2016,11,0.960,2026-08-11 11:38:21
2016,12,0.610,2026-08-11 11:38:21
2017,1,-0.060,2026-08-11 11:38:21
2017,2,-0.020,2026-08-11 11:38:21
2017,3,0.100,2026-08-11 11:38:21
2017,4,0.560,2026-08-11 11:38:21
2017,5,0.450,2026-08-11 11:38:21
2017,6,0.330,2026-08-11 11:38:21
2017,7,-0.450,2026-08-11 11:38:21
2017,8,-0.630,2026-08-11 11:38:21
2017,9,-0.200,2026-08-11 11:38:21
2017,10,-0.680,2026-08-11 11:38:21
2017,11,-0.600,2026-08-11 11:38:21
2017,12,-0.030,2026-08-11 11:38:21
2018,1,0.380,2026-08-11 11:38:21
2018,2,-0.090,2026-08-11 11:38:21
2018,3,-0.720,2026-08-11 11:38:21
2018,4,-0.820,2026-08-11 11:38:21
2018,5,-0.470,2026-08-11 11:38:21
2018,6,-0.660,2026-08-11 11:38:21
2018,7,-0.030,2026-08-11 11:38:21
2018,8,-0.240,2026-08-11 11:38:21
2018,9,-0.350,2026-08-11 11:38:21
2018,10,-0.570,2026-08-11 11:38:21
2018,11,-0.700,2026-08-11 11:38:21
2018,12,-0.210,2026-08-11 11:38:21
2019,1,-0.340,2026-08-11 11:38:21
2019,2,-0.720,2026-08-11 11:38:21
2019,3,-0.400,2026-08-11 11:38:21
2019,4,0.090,2026-08-11 11:38:21
2019,5,0.260,2026-08-11 11:38:21
2019,6,-0.060,2026-08-11 11:38:21
2019,7,0.520,2026-08-11 11:38:21
2019,8,-0.000,2026-08-11 11:38:21
2019,9,0.130,2026-08-11 11:38:21
2019,10,-0.900,2026-08-11 11:38:21
2019,11,-0.510,2026-08-11 11:38:21
2019,12,-0.000,2026-08-11 11:38:21
2020,1,-1.410,2026-08-11 11:38:21
2020,2,-1.480,2026-08-11 11:38:21
2020,3,-1.750,2026-08-11 11:38:21
2020,4,-1.320,2026-08-11 11:38:21
2020,5,-0.520,2026-08-11 11:38:21
2020,6,-0.750,2026-08-11 11:38:21
2020,7,-0.920,2026-08-11 11:38:21
2020,8,-1.330,2026-08-11 11:38:21
2020,9,-1.040,2026-08-11 11:38:21
2020,10,-0.620,2026-08-11 11:38:21
2020,11,-1.580,2026-08-11 11:38:21
2020,12,-0.980,2026-08-11 11:38:21
2021,1,-0.610,2026-08-11 11:38:21
2021,2,-1.090,2026-08-11 11:38:21
2021,3,-1.670,2026-08-11 11:38:21
2021,4,-1.840,2026-08-11 11:38:21
2021,5,-2.040,2026-08-11 11:38:21
2021,6,-1.820,2026-08-11 11:38:21
2021,7,-2.000,2026-08-11 11:38:21
2021,8,-0.950,2026-08-11 11:38:21
2021,9,-1.960,2026-08-11 11:38:21
2021,10,-3.140,2026-08-11 11:38:21
2021,11,-2.750,2026-08-11 11:38:21
2021,12,-2.710,2026-08-11 11:38:21
2022,1,-2.400,2026-08-11 11:38:21
2022,2,-1.910,2026-08-11 11:38:21
2022,3,-1.670,2026-08-11 11:38:21
2022,4,-2.090,2026-08-11 11:38:21
2022,5,-2.230,2026-08-11 11:38:21
2022,6,-1.310,2026-08-11 11:38:21
2022,7,-2.630,2026-08-11 11:38:21
2022,8,-2.380,2026-08-11 11:38:21
2022,9,-2.280,2026-08-11 11:38:21
2022,10,-1.810,2026-08-11 11:38:21
2022,11,-2.400,2026-08-11 11:38:21
2022,12,-2.210,2026-08-11 11:38:21
2023,1,-1.240,2026-08-11 11:38:21
2023,2,-1.650,2026-08-11 11:38:21
2023,3,-2.450,2026-08-11 11:38:21
2023,4,-3.080,2026-08-11 11:38:21
2023,5,-2.410,2026-08-11 11:38:21
2023,6,-2.550,2026-08-11 11:38:21
2023,7,-2.540,2026-08-11 11:38:21
2023,8,-2.480,2026-08-11 11:38:21
2023,9,-2.990,2026-08-11 11:38:21
2023,10,-2.230,2026-08-11 11:38:21
2023,11,-1.790,2026-08-11 11:38:21
2023,12,-1.660,2026-08-11 11:38:21
2024,1,-1.570,2026-08-11 11:38:21
2024,2,-1.340,2026-08-11 11:38:21
2024,3,-1.540,2026-08-11 11:38:21
2024,4,-2.110,2026-08-11 11:38:21
2024,5,-2.980,2026-08-11 11:38:21
2024,6,-3.150,2026-08-11 11:38:21
2024,7,-3.010,2026-08-11 11:38:21
2024,8,-2.910,2026-08-11 11:38:21
2024,9,-3.560,2026-08-11 11:38:21
2024,10,-3.800,2026-08-11 11:38:21
2024,11,-3.130,2026-08-11 11:38:21
2024,12,-2.030,2026-08-11 11:38:21
2025,1,-1.290,2026-08-11 11:38:21
2025,2,-1.400,2026-08-11 11:38:21
2025,3,-1.120,2026-08-11 11:38:21
2025,4,-1.150,2026-08-11 11:38:21
2025,5,-1.660,2026-08-11 11:38:21
2025,6,-2.640,2026-08-11 11:38:21
2025,7,-4.210,2026-08-11 11:38:21
2025,8,-3.230,2026-08-11 11:38:21
2025,9,-2.310,2026-08-11 11:38:21
2025,10,-2.370,2026-08-11 11:38:21
2025,11,-1.510,2026-08-11 11:38:21
2025,12,-0.960,2026-08-11 11:38:21
2026,1,-1.240,2026-08-11 11:38:21
2026,2,-1.000,2026-08-11 11:38:21
2026,3,-1.420,2026-08-11 11:38:21
2026,4,-1.620,2026-08-11 11:38:21
2026,5,-1.670,2026-08-11 11:38:21
2026,6,-1.710,2026-08-11 11:38:21
2026,7,-2.030,2026-08-11 11:38:21
